event_id,review_id,treated_repo,treated_path,adoption_date,adjudicated_carrier,adjudicated_components,control_repo,match_rank,match_distance,candidate_stage,exact_language,exact_owner_type,exact_star_cell,exact_pr_activity_cell,treated_primaryLanguage,control_primaryLanguage,treated_ownerType,control_ownerType,treated_seedStarCell,control_seedStarCell,treated_pr_activity_cell,control_pr_activity_cell,treated_stars,control_stars,treated_pull_requests_total,control_pull_requests_total,treated_issues_total,control_issues_total,treated_governance_maturity_score,control_governance_maturity_score,treated_age_days,control_age_days
FTE002,FCR-0147,ros-navigation/navigation2,.github/PULL_REQUEST_TEMPLATE.md,2023-11-20T23:22:48Z,pr_template,disclosure;process_requirement;restriction_or_ban,domoticz/domoticz,1,0.535266,language_owner,True,True,True,True,C++,C++,Organization,Organization,1000-4999,1000-4999,3000-9999,3000-9999,4219,3742,3577,3277,2539,3395,,,2904,3922
FTE002,FCR-0147,ros-navigation/navigation2,.github/PULL_REQUEST_TEMPLATE.md,2023-11-20T23:22:48Z,pr_template,disclosure;process_requirement;restriction_or_ban,microsoft/DirectXShaderCompiler,2,0.597633,language_owner,True,True,True,True,C++,C++,Organization,Organization,1000-4999,1000-4999,3000-9999,3000-9999,4219,3556,3577,5378,2539,2947,,,2904,3442
FTE002,FCR-0147,ros-navigation/navigation2,.github/PULL_REQUEST_TEMPLATE.md,2023-11-20T23:22:48Z,pr_template,disclosure;process_requirement;restriction_or_ban,nextcloud/desktop,3,0.617562,language_owner,True,True,True,True,C++,C++,Organization,Organization,1000-4999,1000-4999,3000-9999,3000-9999,4219,3697,3577,4710,2539,5144,,,2904,3148
FTE002,FCR-0147,ros-navigation/navigation2,.github/PULL_REQUEST_TEMPLATE.md,2023-11-20T23:22:48Z,pr_template,disclosure;process_requirement;restriction_or_ban,sorbet/sorbet,4,0.948682,language_owner,True,True,True,True,C++,C++,Organization,Organization,1000-4999,1000-4999,3000-9999,3000-9999,4219,3764,3577,8014,2539,2212,,,2904,2876
FTE002,FCR-0147,ros-navigation/navigation2,.github/PULL_REQUEST_TEMPLATE.md,2023-11-20T23:22:48Z,pr_template,disclosure;process_requirement;restriction_or_ban,libjxl/libjxl,5,1.020383,language_owner,True,True,True,True,C++,C++,Organization,Organization,1000-4999,1000-4999,3000-9999,3000-9999,4219,3466,3577,3573,2539,1124,,,2904,1907
FTE003,FCR-0200,apache/orc,.github/PULL_REQUEST_TEMPLATE,2024-01-09T22:04:41Z,pr_template,authorship_or_provenance;disclosure;process_requirement,AthenZ/athenz,1,0.466739,language_owner_star_prcell,True,True,True,True,Java,Java,Organization,Organization,200-999,200-999,1000-2999,1000-2999,766,987,2328,2990,285,328,,,4023,3463
FTE003,FCR-0200,apache/orc,.github/PULL_REQUEST_TEMPLATE,2024-01-09T22:04:41Z,pr_template,authorship_or_provenance;disclosure;process_requirement,stripe/stripe-java,2,0.746344,language_owner_star_prcell,True,True,True,True,Java,Java,Organization,Organization,200-999,200-999,1000-2999,1000-2999,766,971,2328,1747,285,454,,,4023,5389
FTE003,FCR-0200,apache/orc,.github/PULL_REQUEST_TEMPLATE,2024-01-09T22:04:41Z,pr_template,authorship_or_provenance;disclosure;process_requirement,SCADA-LTS/Scada-LTS,3,1.153263,language_owner_star_prcell,True,True,True,True,Java,Java,Organization,Organization,200-999,200-999,1000-2999,1000-2999,766,944,2328,1651,285,1532,,,4023,3596
FTE003,FCR-0200,apache/orc,.github/PULL_REQUEST_TEMPLATE,2024-01-09T22:04:41Z,pr_template,authorship_or_provenance;disclosure;process_requirement,palantir/palantir-java-format,4,1.209562,language_owner_star_prcell,True,True,True,True,Java,Java,Organization,Organization,200-999,200-999,1000-2999,1000-2999,766,798,2328,1477,285,178,,,4023,2405
FTE003,FCR-0200,apache/orc,.github/PULL_REQUEST_TEMPLATE,2024-01-09T22:04:41Z,pr_template,authorship_or_provenance;disclosure;process_requirement,oceanbase/odc,5,2.082156,language_owner_star_prcell,True,True,True,True,Java,Java,Organization,Organization,200-999,200-999,1000-2999,1000-2999,766,596,2328,2049,285,2452,,,4023,1007
FTE004,FCR-0202,bbc/audiowaveform,CONTRIBUTING.md,2024-04-21T12:31:19Z,contributing_guide,restriction_or_ban,InteractiveComputerGraphics/PositionBasedDynamics,1,0.64525,language_owner_star_prcell,True,True,True,True,C++,C++,Organization,Organization,1000-4999,1000-4999,0000-0099,0000-0099,2139,2217,46,27,173,115,,,4592,4024
FTE004,FCR-0202,bbc/audiowaveform,CONTRIBUTING.md,2024-04-21T12:31:19Z,contributing_guide,restriction_or_ban,NASA-SW-VnV/ikos,2,0.766548,language_owner_star_prcell,True,True,True,True,C++,C++,Organization,Organization,1000-4999,1000-4999,0000-0099,0000-0099,2139,3145,46,58,173,246,,,4592,3128
FTE004,FCR-0202,bbc/audiowaveform,CONTRIBUTING.md,2024-04-21T12:31:19Z,contributing_guide,restriction_or_ban,tfhe/tfhe,3,0.816281,language_owner_star_prcell,True,True,True,True,C++,C++,Organization,Organization,1000-4999,1000-4999,0000-0099,0000-0099,2139,1319,46,85,173,185,,,4592,3644
FTE004,FCR-0202,bbc/audiowaveform,CONTRIBUTING.md,2024-04-21T12:31:19Z,contributing_guide,restriction_or_ban,rpng/open_vins,4,1.262445,language_owner_star_prcell,True,True,True,True,C++,C++,Organization,Organization,1000-4999,1000-4999,0000-0099,0000-0099,2139,2872,46,68,173,473,,,4592,2671
FTE004,FCR-0202,bbc/audiowaveform,CONTRIBUTING.md,2024-04-21T12:31:19Z,contributing_guide,restriction_or_ban,roboticslibrary/rl,5,1.612668,language_owner_star_prcell,True,True,True,True,C++,C++,Organization,Organization,1000-4999,1000-4999,0000-0099,0000-0099,2139,1173,46,9,173,95,,,4592,4352
FTE005,FCR-0133,ohmybash/oh-my-bash,CONTRIBUTING.md,2024-04-28T08:19:41Z,contributing_guide,disclosure;human_responsibility,conda-forge/miniforge,1,0.556715,language_owner_star_prcell,True,True,True,True,Shell,Shell,Organization,Organization,5000-inf,5000-inf,0100-0499,0100-0499,7483,9748,347,323,355,498,,,3340,2370
FTE005,FCR-0133,ohmybash/oh-my-bash,CONTRIBUTING.md,2024-04-28T08:19:41Z,contributing_guide,disclosure;human_responsibility,Gogh-Co/Gogh,2,0.683073,language_owner_star_prcell,True,True,True,True,Shell,Shell,Organization,Organization,5000-inf,5000-inf,0100-0499,0100-0499,7483,10226,347,278,355,227,,,3340,4556
FTE005,FCR-0133,ohmybash/oh-my-bash,CONTRIBUTING.md,2024-04-28T08:19:41Z,contributing_guide,disclosure;human_responsibility,sdkman/sdkman-cli,3,0.967293,language_owner_star_prcell,True,True,True,True,Shell,Shell,Organization,Organization,5000-inf,5000-inf,0100-0499,0100-0499,7483,6750,347,378,355,966,,,3340,5005
FTE005,FCR-0133,ohmybash/oh-my-bash,CONTRIBUTING.md,2024-04-28T08:19:41Z,contributing_guide,disclosure;human_responsibility,nodesource/distributions,4,1.270341,language_owner_star_prcell,True,True,True,True,Shell,Shell,Organization,Organization,5000-inf,5000-inf,0100-0499,0100-0499,7483,13837,347,372,355,1489,,,3340,4288
FTE005,FCR-0133,ohmybash/oh-my-bash,CONTRIBUTING.md,2024-04-28T08:19:41Z,contributing_guide,disclosure;human_responsibility,ONLYOFFICE/DocumentServer,5,1.523978,language_owner_star_prcell,True,True,True,True,Shell,Shell,Organization,Organization,5000-inf,5000-inf,0100-0499,0100-0499,7483,6496,347,223,355,3165,,,3340,4328
FTE006,FCR-0026,BeamMP/BeamMP-Server,.github/pull_request_template.md,2024-11-13T15:21:49Z,pr_template,human_responsibility;process_requirement;restriction_or_ban,tonuino/TonUINO-TNG,1,0.587713,language_owner_star_prcell,True,True,True,True,C++,C++,Organization,Organization,50-199,50-199,0100-0499,0100-0499,183,189,214,168,262,159,,,2296,1306
FTE006,FCR-0026,BeamMP/BeamMP-Server,.github/pull_request_template.md,2024-11-13T15:21:49Z,pr_template,human_responsibility;process_requirement;restriction_or_ban,ouster-lidar/ouster-ros,2,0.634045,language_owner_star_prcell,True,True,True,True,C++,C++,Organization,Organization,50-199,50-199,0100-0499,0100-0499,183,198,214,220,262,294,,,2296,1329
FTE006,FCR-0026,BeamMP/BeamMP-Server,.github/pull_request_template.md,2024-11-13T15:21:49Z,pr_template,human_responsibility;process_requirement;restriction_or_ban,JDRaftKeeper/RaftKeeper,3,0.65491,language_owner_star_prcell,True,True,True,True,C++,C++,Organization,Organization,50-199,50-199,0100-0499,0100-0499,183,155,214,195,262,195,,,2296,1172
FTE006,FCR-0026,BeamMP/BeamMP-Server,.github/pull_request_template.md,2024-11-13T15:21:49Z,pr_template,human_responsibility;process_requirement;restriction_or_ban,KZGlobalTeam/cs2kz-metamod,4,0.759396,language_owner_star_prcell,True,True,True,True,C++,C++,Organization,Organization,50-199,50-199,0100-0499,0100-0499,183,181,214,337,262,215,,,2296,950
FTE006,FCR-0026,BeamMP/BeamMP-Server,.github/pull_request_template.md,2024-11-13T15:21:49Z,pr_template,human_responsibility;process_requirement;restriction_or_ban,SCOREC/core,5,0.922295,language_owner_star_prcell,True,True,True,True,C++,C++,Organization,Organization,50-199,50-199,0100-0499,0100-0499,183,195,214,189,262,345,,,2296,4354
FTE009,FCR-0075,calcom/cal.diy,CONTRIBUTING.md,2025-04-10T07:03:50Z,contributing_guide,human_responsibility;verification_testing,angular/components,1,1.033068,language_owner,True,True,True,True,TypeScript,TypeScript,Organization,Organization,5000-inf,5000-inf,10000+,10000+,42399,25022,18957,16882,9215,16171,,,1876,3780
FTE009,FCR-0075,calcom/cal.diy,CONTRIBUTING.md,2025-04-10T07:03:50Z,contributing_guide,human_responsibility;verification_testing,gitpod-io/gitpod,2,1.494882,language_owner,True,True,True,True,TypeScript,TypeScript,Organization,Organization,5000-inf,5000-inf,10000+,10000+,42399,13683,18957,11954,9215,9284,,,1876,2939
FTE009,FCR-0075,calcom/cal.diy,CONTRIBUTING.md,2025-04-10T07:03:50Z,contributing_guide,human_responsibility;verification_testing,prisma/prisma,3,3.192541,language_owner,True,True,True,False,TypeScript,TypeScript,Organization,Organization,5000-inf,5000-inf,10000+,3000-9999,42399,45908,18957,9916,9215,11913,,,1876,2517
FTE009,FCR-0075,calcom/cal.diy,CONTRIBUTING.md,2025-04-10T07:03:50Z,contributing_guide,human_responsibility;verification_testing,baidu/amis,4,3.338853,language_owner,True,True,True,False,TypeScript,TypeScript,Organization,Organization,5000-inf,5000-inf,10000+,3000-9999,42399,18862,18957,6502,9215,5943,,,1876,2570
FTE009,FCR-0075,calcom/cal.diy,CONTRIBUTING.md,2025-04-10T07:03:50Z,contributing_guide,human_responsibility;verification_testing,Expensify/App,5,3.699148,language_owner,True,True,False,True,TypeScript,TypeScript,Organization,Organization,5000-inf,1000-4999,10000+,10000+,42399,4848,18957,41156,9215,48319,,,1876,2103
FTE010,FCR-0272,webex/webex-js-sdk,.github/PULL_REQUEST_TEMPLATE.md,2025-05-08T12:54:36Z,pr_template,disclosure;model_tool_usage_detail;process_requirement,Alfresco/alfresco-content-app,1,0.694162,language_owner,True,True,True,True,TypeScript,TypeScript,Organization,Organization,50-199,50-199,3000-9999,3000-9999,199,199,4542,4997,399,178,,,3595,3134
FTE010,FCR-0272,webex/webex-js-sdk,.github/PULL_REQUEST_TEMPLATE.md,2025-05-08T12:54:36Z,pr_template,disclosure;model_tool_usage_detail;process_requirement,Lumieducation/H5P-Nodejs-library,2,0.811393,language_owner,True,True,True,True,TypeScript,TypeScript,Organization,Organization,50-199,50-199,3000-9999,3000-9999,199,196,4542,4185,399,270,,,3595,2558
FTE010,FCR-0272,webex/webex-js-sdk,.github/PULL_REQUEST_TEMPLATE.md,2025-05-08T12:54:36Z,pr_template,disclosure;model_tool_usage_detail;process_requirement,sumup-oss/circuit-ui,3,3.304682,language_owner,True,True,False,True,TypeScript,TypeScript,Organization,Organization,50-199,200-999,3000-9999,3000-9999,199,970,4542,3361,399,229,,,3595,3241
FTE010,FCR-0272,webex/webex-js-sdk,.github/PULL_REQUEST_TEMPLATE.md,2025-05-08T12:54:36Z,pr_template,disclosure;model_tool_usage_detail;process_requirement,saleor/saleor-dashboard,4,3.415163,language_owner,True,True,False,True,TypeScript,TypeScript,Organization,Organization,50-199,200-999,3000-9999,3000-9999,199,993,4542,4955,399,1516,,,3595,2518
FTE010,FCR-0272,webex/webex-js-sdk,.github/PULL_REQUEST_TEMPLATE.md,2025-05-08T12:54:36Z,pr_template,disclosure;model_tool_usage_detail;process_requirement,parca-dev/parca,5,3.88201,language_owner,True,True,False,True,TypeScript,TypeScript,Organization,Organization,50-199,1000-4999,3000-9999,3000-9999,199,4854,4542,5820,399,509,,,3595,2722
FTE011,FCR-0028,CollaboraOnline/online,CONTRIBUTING.md,2025-05-09T12:59:12Z,contributing_guide,human_responsibility;restriction_or_ban;verification_testing,facebookincubator/velox,1,0.321487,language_owner,True,True,True,True,C++,C++,Organization,Organization,1000-4999,1000-4999,10000+,10000+,3201,4115,12482,14164,3164,2991,,,2048,1753
FTE011,FCR-0028,CollaboraOnline/online,CONTRIBUTING.md,2025-05-09T12:59:12Z,contributing_guide,human_responsibility;restriction_or_ban;verification_testing,ydb-platform/ydb,2,1.156506,language_owner,True,True,True,True,C++,C++,Organization,Organization,1000-4999,1000-4999,10000+,10000+,3201,4721,12482,30444,3164,9133,,,2048,1554
FTE011,FCR-0028,CollaboraOnline/online,CONTRIBUTING.md,2025-05-09T12:59:12Z,contributing_guide,human_responsibility;restriction_or_ban;verification_testing,RobotLocomotion/drake,3,1.227958,language_owner,True,True,True,True,C++,C++,Organization,Organization,1000-4999,1000-4999,10000+,10000+,3201,4020,12482,17728,3164,6766,,,2048,4488
FTE011,FCR-0028,CollaboraOnline/online,CONTRIBUTING.md,2025-05-09T12:59:12Z,contributing_guide,human_responsibility;restriction_or_ban;verification_testing,root-project/root,4,1.234535,language_owner,True,True,True,True,C++,C++,Organization,Organization,1000-4999,1000-4999,10000+,10000+,3201,3199,12482,19113,3164,3019,,,2048,4701
FTE011,FCR-0028,CollaboraOnline/online,CONTRIBUTING.md,2025-05-09T12:59:12Z,contributing_guide,human_responsibility;restriction_or_ban;verification_testing,microsoft/WindowsAppSDK,5,3.361051,language_owner,True,True,True,False,C++,C++,Organization,Organization,1000-4999,1000-4999,10000+,1000-2999,3201,4527,12482,2924,3164,1914,,,2048,2217
FTE012,FCR-0264,ros2/ros2_documentation,.github/ISSUE_TEMPLATE/issue_report.yml,2025-05-13T19:46:41Z,issue_template,disclosure;process_requirement,OCA/OpenUpgrade,1,0.811193,language_owner,True,True,True,True,Python,Python,Organization,Organization,200-999,200-999,3000-9999,3000-9999,893,941,5984,4620,580,926,,,2800,4375
FTE012,FCR-0264,ros2/ros2_documentation,.github/ISSUE_TEMPLATE/issue_report.yml,2025-05-13T19:46:41Z,issue_template,disclosure;process_requirement,NVIDIA/NVFlare,2,1.00836,language_owner,True,True,True,True,Python,Python,Organization,Organization,200-999,200-999,3000-9999,3000-9999,893,928,5984,3915,580,356,,,2800,1753
FTE012,FCR-0264,ros2/ros2_documentation,.github/ISSUE_TEMPLATE/issue_report.yml,2025-05-13T19:46:41Z,issue_template,disclosure;process_requirement,LunarClient/ServerMappings,3,3.388057,language_owner,True,True,False,True,Python,Python,Organization,Organization,200-999,50-199,3000-9999,3000-9999,893,194,5984,4831,580,136,,,2800,1643
FTE012,FCR-0264,ros2/ros2_documentation,.github/ISSUE_TEMPLATE/issue_report.yml,2025-05-13T19:46:41Z,issue_template,disclosure;process_requirement,rotki/rotki,4,3.396756,language_owner,True,True,False,True,Python,Python,Organization,Organization,200-999,1000-4999,3000-9999,3000-9999,893,3832,5984,9025,580,3065,,,2800,2989
FTE012,FCR-0264,ros2/ros2_documentation,.github/ISSUE_TEMPLATE/issue_report.yml,2025-05-13T19:46:41Z,issue_template,disclosure;process_requirement,ROCm/TheRock,5,3.471598,language_owner,True,True,True,True,Python,Python,Organization,Organization,200-999,200-999,3000-9999,3000-9999,893,988,5984,3538,580,1467,,3.0,2800,801
FTE013,FCR-0298,curl/curl,docs/CONTRIBUTE.md,2025-05-15T12:07:39Z,contributing_guide,disclosure;human_responsibility;restriction_or_ban;verification_testing,php/php-src,1,0.235046,language_owner,True,True,True,True,C,C,Organization,Organization,5000-inf,5000-inf,10000+,10000+,41734,40042,14967,16664,5432,5066,,,5898,5443
FTE013,FCR-0298,curl/curl,docs/CONTRIBUTE.md,2025-05-15T12:07:39Z,contributing_guide,disclosure;human_responsibility;restriction_or_ban;verification_testing,netdata/netdata,2,0.75663,language_owner,True,True,True,True,C,C,Organization,Organization,5000-inf,5000-inf,10000+,10000+,41734,78712,14967,13599,5432,8221,,,5898,4711
FTE013,FCR-0298,curl/curl,docs/CONTRIBUTE.md,2025-05-15T12:07:39Z,contributing_guide,disclosure;human_responsibility;restriction_or_ban;verification_testing,openwrt/openwrt,3,1.030678,language_owner,True,True,True,True,C,C,Organization,Organization,5000-inf,5000-inf,10000+,10000+,41734,26777,14967,14343,5432,8720,,,5898,3836
FTE013,FCR-0298,curl/curl,docs/CONTRIBUTE.md,2025-05-15T12:07:39Z,contributing_guide,disclosure;human_responsibility;restriction_or_ban;verification_testing,taosdata/TDengine,4,1.668723,language_owner,True,True,True,True,C,C,Organization,Organization,5000-inf,5000-inf,10000+,10000+,41734,24837,14967,29660,5432,5440,,,5898,2496
FTE013,FCR-0298,curl/curl,docs/CONTRIBUTE.md,2025-05-15T12:07:39Z,contributing_guide,disclosure;human_responsibility;restriction_or_ban;verification_testing,FRRouting/frr,5,3.709502,language_owner,True,True,False,True,C,C,Organization,Organization,5000-inf,1000-4999,10000+,10000+,41734,4118,14967,17190,5432,4271,,,5898,3434
FTE014,FCR-0254,lumen-oss/lux,CONTRIBUTING.md,2025-06-09T13:18:35Z,contributing_guide,restriction_or_ban,tombi-toml/tombi,1,0.621874,language_owner_star_prcell,True,True,True,True,Rust,Rust,Organization,Organization,200-999,200-999,1000-2999,1000-2999,946,901,1053,1607,397,229,,,851,580
FTE014,FCR-0254,lumen-oss/lux,CONTRIBUTING.md,2025-06-09T13:18:35Z,contributing_guide,restriction_or_ban,bytecodealliance/jco,2,0.750374,language_owner_star_prcell,True,True,True,True,Rust,Rust,Organization,Organization,200-999,200-999,1000-2999,1000-2999,946,948,1053,1124,397,320,,,851,1249
FTE014,FCR-0254,lumen-oss/lux,CONTRIBUTING.md,2025-06-09T13:18:35Z,contributing_guide,restriction_or_ban,estuary/flow,3,1.168989,language_owner_star_prcell,True,True,True,True,Rust,Rust,Organization,Organization,200-999,200-999,1000-2999,1000-2999,946,919,1053,2262,397,612,,,851,2279
FTE014,FCR-0254,lumen-oss/lux,CONTRIBUTING.md,2025-06-09T13:18:35Z,contributing_guide,restriction_or_ban,microsoft/qdk,4,1.296991,language_owner_star_prcell,True,True,True,True,Rust,Rust,Organization,Organization,200-999,200-999,1000-2999,1000-2999,946,917,1053,2324,397,847,,,851,1201
FTE014,FCR-0254,lumen-oss/lux,CONTRIBUTING.md,2025-06-09T13:18:35Z,contributing_guide,restriction_or_ban,golemcloud/golem,5,1.368036,language_owner_star_prcell,True,True,True,True,Rust,Rust,Organization,Organization,200-999,200-999,1000-2999,1000-2999,946,990,1053,1768,397,1496,,,851,899
FTE017,FCR-0317,xemu-project/xemu,docs/devel/code-provenance.rst,2025-06-24T14:37:56Z,developer_or_maintainer_doc,authorship_or_provenance;restriction_or_ban,openrazer/openrazer,1,1.303978,language_owner_star_prcell,True,True,True,True,C,C,Organization,Organization,1000-4999,1000-4999,0500-0999,0500-0999,3862,4329,878,655,1934,2132,3.0,2.0,2274,3836
FTE017,FCR-0317,xemu-project/xemu,docs/devel/code-provenance.rst,2025-06-24T14:37:56Z,developer_or_maintainer_doc,authorship_or_provenance;restriction_or_ban,mydumper/mydumper,2,1.310128,language_owner_star_prcell,True,True,True,True,C,C,Organization,Organization,1000-4999,1000-4999,0500-0999,0500-0999,3862,3130,878,982,1934,1176,3.0,2.0,2274,3839
FTE017,FCR-0317,xemu-project/xemu,docs/devel/code-provenance.rst,2025-06-24T14:37:56Z,developer_or_maintainer_doc,authorship_or_provenance;restriction_or_ban,pgbackrest/pgbackrest,3,1.462765,language_owner_star_prcell,True,True,True,True,C,C,Organization,Organization,1000-4999,1000-4999,0500-0999,0500-0999,3862,3937,878,742,1934,2024,3.0,4.0,2274,4564
FTE017,FCR-0317,xemu-project/xemu,docs/devel/code-provenance.rst,2025-06-24T14:37:56Z,developer_or_maintainer_doc,authorship_or_provenance;restriction_or_ban,quickjs-ng/quickjs,4,1.581206,language_owner_star_prcell,True,True,True,True,C,C,Organization,Organization,1000-4999,1000-4999,0500-0999,0500-0999,3862,2988,878,977,1934,412,3.0,2.0,2274,922
FTE017,FCR-0317,xemu-project/xemu,docs/devel/code-provenance.rst,2025-06-24T14:37:56Z,developer_or_maintainer_doc,authorship_or_provenance;restriction_or_ban,FalkorDB/FalkorDB,5,2.223055,language_owner_star_prcell,True,True,True,True,C,C,Organization,Organization,1000-4999,1000-4999,0500-0999,0500-0999,3862,4328,878,791,1934,1077,3.0,5.0,2274,1026
FTE018,FCR-0011,freebsd/freebsd-src,CONTRIBUTING.md,2025-07-25T22:24:34Z,contributing_guide,human_responsibility;restriction_or_ban;verification_testing,h2o/h2o,1,4.618775,language_owner_star_prcell,True,True,True,True,C,C,Organization,Organization,5000-inf,5000-inf,1000-2999,1000-2999,9058,11452,1963,2201,0,1366,,,5362,4286
FTE018,FCR-0011,freebsd/freebsd-src,CONTRIBUTING.md,2025-07-25T22:24:34Z,contributing_guide,human_responsibility;restriction_or_ban;verification_testing,cesanta/mongoose,2,5.631288,language_owner_star_prcell,True,True,True,True,C,C,Organization,Organization,5000-inf,5000-inf,1000-2999,1000-2999,9058,12769,1963,1555,0,1564,,3.0,5362,5018
FTE018,FCR-0011,freebsd/freebsd-src,CONTRIBUTING.md,2025-07-25T22:24:34Z,contributing_guide,human_responsibility;restriction_or_ban;verification_testing,FreeRTOS/FreeRTOS,3,6.234317,language_owner_star_prcell,True,True,True,True,C,C,Organization,Organization,5000-inf,5000-inf,1000-2999,1000-2999,9058,7284,1963,1285,0,116,,5.0,5362,2442
FTE018,FCR-0011,freebsd/freebsd-src,CONTRIBUTING.md,2025-07-25T22:24:34Z,contributing_guide,human_responsibility;restriction_or_ban;verification_testing,RfidResearchGroup/proxmark3,4,6.946138,language_owner_star_prcell,True,True,True,True,C,C,Organization,Organization,5000-inf,5000-inf,1000-2999,1000-2999,9058,5601,1963,2315,0,954,,5.0,5362,2829
FTE018,FCR-0011,freebsd/freebsd-src,CONTRIBUTING.md,2025-07-25T22:24:34Z,contributing_guide,human_responsibility;restriction_or_ban;verification_testing,arkime/arkime,5,7.877373,language_owner_star_prcell,True,True,True,True,C,C,Organization,Organization,5000-inf,5000-inf,1000-2999,1000-2999,9058,7367,1963,2368,0,1539,,6.0,5362,5057
FTE019,FCR-0311,systemd/systemd,docs/CONTRIBUTING.md,2025-07-29T16:40:26Z,contributing_guide,authorship_or_provenance;disclosure;human_responsibility,openssl/openssl,1,0.843762,language_owner,True,True,True,True,C,C,Organization,Organization,5000-inf,5000-inf,10000+,10000+,16274,30099,27542,17890,14209,11343,,,4065,4864
FTE019,FCR-0311,systemd/systemd,docs/CONTRIBUTING.md,2025-07-29T16:40:26Z,contributing_guide,authorship_or_provenance;disclosure;human_responsibility,openwrt/openwrt,2,0.930844,language_owner,True,True,True,True,C,C,Organization,Organization,5000-inf,5000-inf,10000+,10000+,16274,26777,27542,14343,14209,8720,,,4065,3836
FTE019,FCR-0311,systemd/systemd,docs/CONTRIBUTING.md,2025-07-29T16:40:26Z,contributing_guide,authorship_or_provenance;disclosure;human_responsibility,taosdata/TDengine,3,0.967508,language_owner,True,True,True,True,C,C,Organization,Organization,5000-inf,5000-inf,10000+,10000+,16274,24837,27542,29660,14209,5440,,,4065,2496
FTE019,FCR-0311,systemd/systemd,docs/CONTRIBUTING.md,2025-07-29T16:40:26Z,contributing_guide,authorship_or_provenance;disclosure;human_responsibility,php/php-src,4,1.244837,language_owner,True,True,True,True,C,C,Organization,Organization,5000-inf,5000-inf,10000+,10000+,16274,40042,27542,16664,14209,5066,,,4065,5443
FTE019,FCR-0311,systemd/systemd,docs/CONTRIBUTING.md,2025-07-29T16:40:26Z,contributing_guide,authorship_or_provenance;disclosure;human_responsibility,sonic-net/sonic-buildimage,5,3.783637,language_owner,True,True,False,True,C,C,Organization,Organization,5000-inf,200-999,10000+,10000+,16274,963,27542,22606,14209,4494,,,4065,3716
FTE021,FCR-0215,lxc/terraform-provider-incus,CONTRIBUTING.md,2025-08-05T17:51:28Z,contributing_guide,human_responsibility;restriction_or_ban,vercel/terraform-provider-vercel,1,0.359893,language_owner_star_prcell,True,True,True,True,Go,Go,Organization,Organization,50-199,50-199,0100-0499,0100-0499,187,186,296,339,133,170,,,878,1565
FTE021,FCR-0215,lxc/terraform-provider-incus,CONTRIBUTING.md,2025-08-05T17:51:28Z,contributing_guide,human_responsibility;restriction_or_ban,openpredictionmarkets/socialpredict,2,0.614274,language_owner_star_prcell,True,True,True,True,Go,Go,Organization,Organization,50-199,50-199,0100-0499,0100-0499,187,192,296,308,133,335,,,878,913
FTE021,FCR-0215,lxc/terraform-provider-incus,CONTRIBUTING.md,2025-08-05T17:51:28Z,contributing_guide,human_responsibility;restriction_or_ban,geldata/gel-go,3,0.697222,language_owner_star_prcell,True,True,True,True,Go,Go,Organization,Organization,50-199,50-199,0100-0499,0100-0499,187,180,296,259,133,138,,,878,2035
FTE021,FCR-0215,lxc/terraform-provider-incus,CONTRIBUTING.md,2025-08-05T17:51:28Z,contributing_guide,human_responsibility;restriction_or_ban,BuildOnViction/victionchain,4,0.819176,language_owner_star_prcell,True,True,True,True,Go,Go,Organization,Organization,50-199,50-199,0100-0499,0100-0499,187,183,296,401,133,153,,,878,2372
FTE021,FCR-0215,lxc/terraform-provider-incus,CONTRIBUTING.md,2025-08-05T17:51:28Z,contributing_guide,human_responsibility;restriction_or_ban,modelpack/model-spec,5,0.980975,language_owner_star_prcell,True,True,True,True,Go,Go,Organization,Organization,50-199,50-199,0100-0499,0100-0499,187,197,296,170,133,36,,,878,621
FTE022,FCR-0214,lxc/lxc,CONTRIBUTING.md,2025-08-15T20:49:46Z,contributing_guide,authorship_or_provenance;human_responsibility;restriction_or_ban,AdAway/AdAway,1,1.188247,language_owner_star_prcell,True,True,True,True,C,C,Organization,Organization,5000-inf,5000-inf,1000-2999,1000-2999,5176,9047,2812,2253,1824,1921,4.0,5.0,4994,5048
FTE022,FCR-0214,lxc/lxc,CONTRIBUTING.md,2025-08-15T20:49:46Z,contributing_guide,authorship_or_provenance;human_responsibility;restriction_or_ban,gluster/glusterfs,2,1.224587,language_owner_star_prcell,True,True,True,True,C,C,Organization,Organization,5000-inf,5000-inf,1000-2999,1000-2999,5176,5182,2812,1696,1824,2846,4.0,3.0,4994,5562
FTE022,FCR-0214,lxc/lxc,CONTRIBUTING.md,2025-08-15T20:49:46Z,contributing_guide,authorship_or_provenance;human_responsibility;restriction_or_ban,neutrinolabs/xrdp,3,1.287819,language_owner_star_prcell,True,True,True,True,C,C,Organization,Organization,5000-inf,5000-inf,1000-2999,1000-2999,5176,6606,2812,1439,1824,1942,4.0,3.0,4994,5495
FTE022,FCR-0214,lxc/lxc,CONTRIBUTING.md,2025-08-15T20:49:46Z,contributing_guide,authorship_or_provenance;human_responsibility;restriction_or_ban,espeak-ng/espeak-ng,4,1.482202,language_owner_star_prcell,True,True,True,True,C,C,Organization,Organization,5000-inf,5000-inf,1000-2999,1000-2999,5176,6422,2812,1192,1824,1114,4.0,3.0,4994,3807
FTE022,FCR-0214,lxc/lxc,CONTRIBUTING.md,2025-08-15T20:49:46Z,contributing_guide,authorship_or_provenance;human_responsibility;restriction_or_ban,sparklemotion/nokogiri,5,3.314362,language_owner_star_prcell,True,True,True,True,C,C,Organization,Organization,5000-inf,5000-inf,1000-2999,1000-2999,5176,6251,2812,1427,1824,2056,4.0,7.0,4994,6510
FTE023,FCR-0238,OffchainLabs/nitro,CONTRIBUTING.md,2025-08-18T13:34:59Z,contributing_guide,maintainer_review_discretion;restriction_or_ban,kubernetes/perf-tests,1,0.812526,language_owner,True,True,True,True,Go,Go,Organization,Organization,200-999,200-999,3000-9999,3000-9999,907,977,4237,3599,435,414,,,1687,3519
FTE023,FCR-0238,OffchainLabs/nitro,CONTRIBUTING.md,2025-08-18T13:34:59Z,contributing_guide,maintainer_review_discretion;restriction_or_ban,DataDog/dd-trace-go,2,0.886298,language_owner,True,True,True,True,Go,Go,Organization,Organization,200-999,200-999,3000-9999,3000-9999,907,844,4237,3929,435,750,,,1687,3532
FTE023,FCR-0238,OffchainLabs/nitro,CONTRIBUTING.md,2025-08-18T13:34:59Z,contributing_guide,maintainer_review_discretion;restriction_or_ban,kanisterio/kanister,3,0.909222,language_owner,True,True,True,True,Go,Go,Organization,Organization,200-999,200-999,3000-9999,3000-9999,907,872,4237,3647,435,379,,,1687,3093
FTE023,FCR-0238,OffchainLabs/nitro,CONTRIBUTING.md,2025-08-18T13:34:59Z,contributing_guide,maintainer_review_discretion;restriction_or_ban,celestiaorg/celestia-node,4,0.91688,language_owner,True,True,True,True,Go,Go,Organization,Organization,200-999,200-999,3000-9999,3000-9999,907,995,4237,3187,435,1685,,,1687,1729
FTE023,FCR-0238,OffchainLabs/nitro,CONTRIBUTING.md,2025-08-18T13:34:59Z,contributing_guide,maintainer_review_discretion;restriction_or_ban,updatecli/updatecli,5,1.070509,language_owner,True,True,True,True,Go,Go,Organization,Organization,200-999,200-999,3000-9999,3000-9999,907,909,4237,8012,435,602,,,1687,2298
FTE024,FCR-0248,buildkite/agent,.github/pull_request_template.md,2025-08-20T00:54:57Z,pr_template,disclosure;model_tool_usage_detail;process_requirement,DataDog/dd-trace-go,1,0.516971,language_owner,True,True,True,True,Go,Go,Organization,Organization,200-999,200-999,3000-9999,3000-9999,984,844,3115,3929,760,750,,,4485,3532
FTE024,FCR-0248,buildkite/agent,.github/pull_request_template.md,2025-08-20T00:54:57Z,pr_template,disclosure;model_tool_usage_detail;process_requirement,kubernetes/perf-tests,2,0.645692,language_owner,True,True,True,True,Go,Go,Organization,Organization,200-999,200-999,3000-9999,3000-9999,984,977,3115,3599,760,414,,,4485,3519
FTE024,FCR-0248,buildkite/agent,.github/pull_request_template.md,2025-08-20T00:54:57Z,pr_template,disclosure;model_tool_usage_detail;process_requirement,multiversx/mx-chain-go,3,1.160489,language_owner,True,True,True,True,Go,Go,Organization,Organization,200-999,200-999,3000-9999,3000-9999,984,956,3115,7219,760,427,,,4485,2824
FTE024,FCR-0248,buildkite/agent,.github/pull_request_template.md,2025-08-20T00:54:57Z,pr_template,disclosure;model_tool_usage_detail;process_requirement,cometbft/cometbft,4,1.524777,language_owner,True,True,True,True,Go,Go,Organization,Organization,200-999,200-999,3000-9999,3000-9999,984,889,3115,4714,760,1039,,,4485,1236
FTE024,FCR-0248,buildkite/agent,.github/pull_request_template.md,2025-08-20T00:54:57Z,pr_template,disclosure;model_tool_usage_detail;process_requirement,WeBankPartners/we-cmdb,5,3.475751,language_owner,True,True,True,False,Go,Go,Organization,Organization,200-999,200-999,3000-9999,0500-0999,984,886,3115,670,760,569,,0.0,4485,2461
FTE025,FCR-0175,wagtail/wagtail,.github/CONTRIBUTING.md,2025-09-12T21:01:20Z,contributing_guide,disclosure;human_responsibility;restriction_or_ban;verification_testing,ansible/awx,1,0.627131,language_owner_star_prcell,True,True,True,True,Python,Python,Organization,Organization,5000-inf,5000-inf,3000-9999,3000-9999,20310,15400,8145,7909,5555,8449,,,4480,3281
FTE025,FCR-0175,wagtail/wagtail,.github/CONTRIBUTING.md,2025-09-12T21:01:20Z,contributing_guide,disclosure;human_responsibility;restriction_or_ban;verification_testing,geldata/gel,2,1.352366,language_owner_star_prcell,True,True,True,True,Python,Python,Organization,Organization,5000-inf,5000-inf,3000-9999,3000-9999,20310,14088,8145,5834,5555,2701,,,4480,3238
FTE025,FCR-0175,wagtail/wagtail,.github/CONTRIBUTING.md,2025-09-12T21:01:20Z,contributing_guide,disclosure;human_responsibility;restriction_or_ban;verification_testing,fastapi/fastapi,3,1.519284,language_owner_star_prcell,True,True,True,True,Python,Python,Organization,Organization,5000-inf,5000-inf,3000-9999,3000-9999,20310,98006,8145,5706,5555,3524,,,4480,2711
FTE025,FCR-0175,wagtail/wagtail,.github/CONTRIBUTING.md,2025-09-12T21:01:20Z,contributing_guide,disclosure;human_responsibility;restriction_or_ban;verification_testing,PaddlePaddle/PaddleOCR,4,1.67354,language_owner_star_prcell,True,True,True,True,Python,Python,Organization,Organization,5000-inf,5000-inf,3000-9999,3000-9999,20310,77385,8145,3954,5555,10577,,,4480,2194
FTE025,FCR-0175,wagtail/wagtail,.github/CONTRIBUTING.md,2025-09-12T21:01:20Z,contributing_guide,disclosure;human_responsibility;restriction_or_ban;verification_testing,open-webui/open-webui,5,2.219425,language_owner_star_prcell,True,True,True,True,Python,Python,Organization,Organization,5000-inf,5000-inf,3000-9999,3000-9999,20310,136058,8145,7561,5555,8412,,,4480,948
FTE026,FCR-0296,abiosoft/colima,docs/CONTRIBUTE.md,2025-09-13T06:55:28Z,contributing_guide,disclosure;restriction_or_ban,wagoodman/dive,1,1.151465,language_owner_star_prcell,True,True,True,True,Go,Go,User,User,5000-inf,5000-inf,0100-0499,0100-0499,28703,53874,497,311,883,375,,,1710,2920
FTE026,FCR-0296,abiosoft/colima,docs/CONTRIBUTE.md,2025-09-13T06:55:28Z,contributing_guide,disclosure;restriction_or_ban,simulot/immich-go,2,1.30506,language_owner_star_prcell,True,True,True,True,Go,Go,User,User,5000-inf,5000-inf,0100-0499,0100-0499,28703,6115,497,470,883,667,,,1710,1025
FTE026,FCR-0296,abiosoft/colima,docs/CONTRIBUTE.md,2025-09-13T06:55:28Z,contributing_guide,disclosure;restriction_or_ban,tulir/whatsmeow,3,1.405086,language_owner_star_prcell,True,True,True,True,Go,Go,User,User,5000-inf,5000-inf,0100-0499,0100-0499,28703,6082,497,241,883,607,,,1710,1678
FTE026,FCR-0296,abiosoft/colima,docs/CONTRIBUTE.md,2025-09-13T06:55:28Z,contributing_guide,disclosure;restriction_or_ban,garethgeorge/backrest,4,1.438161,language_owner_star_prcell,True,True,True,True,Go,Go,User,User,5000-inf,5000-inf,0100-0499,0100-0499,28703,6224,497,297,883,663,,,1710,913
FTE026,FCR-0296,abiosoft/colima,docs/CONTRIBUTE.md,2025-09-13T06:55:28Z,contributing_guide,disclosure;restriction_or_ban,hajimehoshi/ebiten,5,1.632543,language_owner_star_prcell,True,True,True,True,Go,Go,User,User,5000-inf,5000-inf,0100-0499,0100-0499,28703,13151,497,379,883,2856,,,1710,4712
FTE027,FCR-0326,PowerDNS/pdns,AI_POLICY.md,2025-09-15T13:45:13Z,standalone_ai_policy,disclosure;human_responsibility;restriction_or_ban,RobotLocomotion/drake,1,0.479909,language_owner,True,True,True,True,C++,C++,Organization,Organization,1000-4999,1000-4999,10000+,10000+,4356,4020,11687,17728,5175,6766,,,4763,4488
FTE027,FCR-0326,PowerDNS/pdns,AI_POLICY.md,2025-09-15T13:45:13Z,standalone_ai_policy,disclosure;human_responsibility;restriction_or_ban,root-project/root,2,0.659717,language_owner,True,True,True,True,C++,C++,Organization,Organization,1000-4999,1000-4999,10000+,10000+,4356,3199,11687,19113,5175,3019,,,4763,4701
FTE027,FCR-0326,PowerDNS/pdns,AI_POLICY.md,2025-09-15T13:45:13Z,standalone_ai_policy,disclosure;human_responsibility;restriction_or_ban,openthread/openthread,3,0.836211,language_owner,True,True,True,True,C++,C++,Organization,Organization,1000-4999,1000-4999,10000+,10000+,4356,3932,11687,10157,5175,1780,,,4763,3685
FTE027,FCR-0326,PowerDNS/pdns,AI_POLICY.md,2025-09-15T13:45:13Z,standalone_ai_policy,disclosure;human_responsibility;restriction_or_ban,ydb-platform/ydb,4,1.711957,language_owner,True,True,True,True,C++,C++,Organization,Organization,1000-4999,1000-4999,10000+,10000+,4356,4721,11687,30444,5175,9133,,,4763,1554
FTE027,FCR-0326,PowerDNS/pdns,AI_POLICY.md,2025-09-15T13:45:13Z,standalone_ai_policy,disclosure;human_responsibility;restriction_or_ban,nanocurrency/nano-node,5,3.327208,language_owner,True,True,True,False,C++,C++,Organization,Organization,1000-4999,1000-4999,10000+,3000-9999,4356,3524,11687,3761,5175,1245,,,4763,4393
FTE028,FCR-0018,open-quantum-safe/liboqs,CONTRIBUTING.md,2025-09-17T16:57:03Z,contributing_guide,disclosure;human_responsibility;verification_testing,kamailio/kamailio,1,0.9594,language_owner_star_prcell,True,True,True,True,C,C,Organization,Organization,1000-4999,1000-4999,1000-2999,1000-2999,2915,2807,1348,2447,859,2260,7.0,7.0,3559,4534
FTE028,FCR-0018,open-quantum-safe/liboqs,CONTRIBUTING.md,2025-09-17T16:57:03Z,contributing_guide,disclosure;human_responsibility;verification_testing,OpenSC/OpenSC,2,0.98055,language_owner_star_prcell,True,True,True,True,C,C,Organization,Organization,1000-4999,1000-4999,1000-2999,1000-2999,2915,3013,1348,2083,859,1520,7.0,7.0,3559,5424
FTE028,FCR-0018,open-quantum-safe/liboqs,CONTRIBUTING.md,2025-09-17T16:57:03Z,contributing_guide,disclosure;human_responsibility;verification_testing,stm32duino/Arduino_Core_STM32,3,1.10848,language_owner_star_prcell,True,True,True,True,C,C,Organization,Organization,1000-4999,1000-4999,1000-2999,1000-2999,2915,3256,1348,1217,859,1191,7.0,6.0,3559,3288
FTE028,FCR-0018,open-quantum-safe/liboqs,CONTRIBUTING.md,2025-09-17T16:57:03Z,contributing_guide,disclosure;human_responsibility;verification_testing,containers/crun,4,2.160018,language_owner_star_prcell,True,True,True,True,C,C,Organization,Organization,1000-4999,1000-4999,1000-2999,1000-2999,2915,3906,1348,1424,859,649,7.0,5.0,3559,3162
FTE028,FCR-0018,open-quantum-safe/liboqs,CONTRIBUTING.md,2025-09-17T16:57:03Z,contributing_guide,disclosure;human_responsibility;verification_testing,asterisk/asterisk,5,4.256892,language_owner_star_prcell,True,True,True,True,C,C,Organization,Organization,1000-4999,1000-4999,1000-2999,1000-2999,2915,3216,1348,1015,859,859,7.0,3.0,3559,4048
FTE029,FCR-0077,cerbos/cerbos,CONTRIBUTING.md,2025-09-19T07:37:30Z,contributing_guide,disclosure;human_responsibility,runfinch/finch,1,0.7578,language_owner_star_prcell,True,True,True,True,Go,Go,Organization,Organization,1000-4999,1000-4999,1000-2999,1000-2999,4391,4012,2683,1475,417,240,,,1877,1281
FTE029,FCR-0077,cerbos/cerbos,CONTRIBUTING.md,2025-09-19T07:37:30Z,contributing_guide,disclosure;human_responsibility,beclab/Olares,2,0.799886,language_owner_star_prcell,True,True,True,True,Go,Go,Organization,Organization,1000-4999,1000-4999,1000-2999,1000-2999,4391,4512,2683,2817,417,159,,,1877,742
FTE029,FCR-0077,cerbos/cerbos,CONTRIBUTING.md,2025-09-19T07:37:30Z,contributing_guide,disclosure;human_responsibility,googleapis/google-api-go-client,3,3.476332,language_owner_star_prcell,True,True,True,True,Go,Go,Organization,Organization,1000-4999,1000-4999,1000-2999,1000-2999,4391,4430,2683,2618,417,905,,3.0,1877,4186
FTE029,FCR-0077,cerbos/cerbos,CONTRIBUTING.md,2025-09-19T07:37:30Z,contributing_guide,disclosure;human_responsibility,smallstep/cli,4,6.428389,language_owner_star_prcell,True,True,True,True,Go,Go,Organization,Organization,1000-4999,1000-4999,1000-2999,1000-2999,4391,4218,2683,1109,417,495,,6.0,1877,2855
FTE029,FCR-0077,cerbos/cerbos,CONTRIBUTING.md,2025-09-19T07:37:30Z,contributing_guide,disclosure;human_responsibility,dkron-io/dkron,5,6.469148,language_owner_star_prcell,True,True,True,True,Go,Go,Organization,Organization,1000-4999,1000-4999,1000-2999,1000-2999,4391,4688,2683,1331,417,608,,6.0,1877,3988
FTE030,FCR-0180,yt-dlp/yt-dlp,.github/ISSUE_TEMPLATE/4_bug_report.yml,2025-09-21T17:15:16Z,issue_template,process_requirement;restriction_or_ban,PaddlePaddle/PaddleOCR,1,0.602371,language_owner_star_prcell,True,True,True,True,Python,Python,Organization,Organization,5000-inf,5000-inf,3000-9999,3000-9999,161066,77385,4793,3954,11447,10577,,,2023,2194
FTE030,FCR-0180,yt-dlp/yt-dlp,.github/ISSUE_TEMPLATE/4_bug_report.yml,2025-09-21T17:15:16Z,issue_template,process_requirement;restriction_or_ban,open-webui/open-webui,2,0.702932,language_owner_star_prcell,True,True,True,True,Python,Python,Organization,Organization,5000-inf,5000-inf,3000-9999,3000-9999,161066,136058,4793,7561,11447,8412,,,2023,948
FTE030,FCR-0180,yt-dlp/yt-dlp,.github/ISSUE_TEMPLATE/4_bug_report.yml,2025-09-21T17:15:16Z,issue_template,process_requirement;restriction_or_ban,microsoft/autogen,3,1.277332,language_owner_star_prcell,True,True,True,True,Python,Python,Organization,Organization,5000-inf,5000-inf,3000-9999,3000-9999,161066,57819,4793,3505,11447,3019,,,2023,997
FTE030,FCR-0180,yt-dlp/yt-dlp,.github/ISSUE_TEMPLATE/4_bug_report.yml,2025-09-21T17:15:16Z,issue_template,process_requirement;restriction_or_ban,pydantic/pydantic,4,1.688832,language_owner_star_prcell,True,True,True,True,Python,Python,Organization,Organization,5000-inf,5000-inf,3000-9999,3000-9999,161066,27719,4793,5082,11447,5617,,,2023,3295
FTE030,FCR-0180,yt-dlp/yt-dlp,.github/ISSUE_TEMPLATE/4_bug_report.yml,2025-09-21T17:15:16Z,issue_template,process_requirement;restriction_or_ban,geldata/gel,5,2.64835,language_owner_star_prcell,True,True,True,True,Python,Python,Organization,Organization,5000-inf,5000-inf,3000-9999,3000-9999,161066,14088,4793,5834,11447,2701,,,2023,3238
FTE031,FCR-0162,tektoncd/pipelines-as-code,.github/pull_request_template.md,2025-09-25T12:19:27Z,pr_template,authorship_or_provenance;disclosure;human_responsibility;process_requirement;restriction_or_ban,jenkins-x/lighthouse,1,0.634443,language_owner,True,True,True,True,Go,Go,Organization,Organization,50-199,50-199,1000-2999,1000-2999,191,186,2135,1376,568,312,2.0,2.0,1861,2511
FTE031,FCR-0162,tektoncd/pipelines-as-code,.github/pull_request_template.md,2025-09-25T12:19:27Z,pr_template,authorship_or_provenance;disclosure;human_responsibility;process_requirement;restriction_or_ban,canonical/pebble,2,3.286346,language_owner,True,True,True,False,Go,Go,Organization,Organization,50-199,50-199,1000-2999,0500-0999,191,191,2135,629,568,225,2.0,2.0,1861,2008
FTE031,FCR-0162,tektoncd/pipelines-as-code,.github/pull_request_template.md,2025-09-25T12:19:27Z,pr_template,authorship_or_provenance;disclosure;human_responsibility;process_requirement;restriction_or_ban,temporalio/sdk-go,3,3.446173,language_owner,True,True,False,True,Go,Go,Organization,Organization,50-199,200-999,1000-2999,1000-2999,191,881,2135,1438,568,861,2.0,3.0,1861,2398
FTE031,FCR-0162,tektoncd/pipelines-as-code,.github/pull_request_template.md,2025-09-25T12:19:27Z,pr_template,authorship_or_provenance;disclosure;human_responsibility;process_requirement;restriction_or_ban,bacalhau-project/bacalhau,4,3.51026,language_owner,True,True,False,True,Go,Go,Organization,Organization,50-199,200-999,1000-2999,1000-2999,191,858,2135,2724,568,2449,2.0,3.0,1861,1648
FTE031,FCR-0162,tektoncd/pipelines-as-code,.github/pull_request_template.md,2025-09-25T12:19:27Z,pr_template,authorship_or_provenance;disclosure;human_responsibility;process_requirement;restriction_or_ban,StarRocks/starrocks-kubernetes-operator,5,3.524332,language_owner,True,True,True,False,Go,Go,Organization,Organization,50-199,50-199,1000-2999,0100-0499,191,187,2135,494,568,255,2.0,3.0,1861,1439
FTE033,FCR-0013,hashicorp/terraform-provider-azurerm,.github/pull_request_template.md,2025-10-01T15:39:41Z,pr_template,disclosure;model_tool_usage_detail;process_requirement,open-telemetry/opentelemetry-collector-contrib,1,0.944551,language_owner,True,True,True,True,Go,Go,Organization,Organization,1000-4999,1000-4999,10000+,10000+,4928,4641,16263,37678,15962,9812,,,3262,2496
FTE033,FCR-0013,hashicorp/terraform-provider-azurerm,.github/pull_request_template.md,2025-10-01T15:39:41Z,pr_template,disclosure;model_tool_usage_detail;process_requirement,erigontech/erigon,2,1.009963,language_owner,True,True,True,True,Go,Go,Organization,Organization,1000-4999,1000-4999,10000+,10000+,4928,3564,16263,15919,15962,4901,,,3262,2541
FTE033,FCR-0013,hashicorp/terraform-provider-azurerm,.github/pull_request_template.md,2025-10-01T15:39:41Z,pr_template,disclosure;model_tool_usage_detail;process_requirement,kubernetes/test-infra,3,1.095233,language_owner,True,True,True,True,Go,Go,Organization,Organization,1000-4999,1000-4999,10000+,10000+,4928,4005,16263,32249,15962,4473,,,3262,3665
FTE033,FCR-0013,hashicorp/terraform-provider-azurerm,.github/pull_request_template.md,2025-10-01T15:39:41Z,pr_template,disclosure;model_tool_usage_detail;process_requirement,kubernetes/minikube,4,3.339521,language_owner,True,True,False,True,Go,Go,Organization,Organization,1000-4999,5000-inf,10000+,10000+,4928,31772,16263,12393,15962,10490,,,3262,3678
FTE033,FCR-0013,hashicorp/terraform-provider-azurerm,.github/pull_request_template.md,2025-10-01T15:39:41Z,pr_template,disclosure;model_tool_usage_detail;process_requirement,stashapp/stash,5,4.753517,language_owner,True,True,False,False,Go,Go,Organization,Organization,1000-4999,5000-inf,10000+,3000-9999,4928,12300,16263,3127,15962,3172,,,3262,2898
FTE034,FCR-0302,git/git,Documentation/SubmittingPatches,2025-10-01T21:27:04Z,developer_or_maintainer_doc,authorship_or_provenance;human_responsibility;restriction_or_ban,lz4/lz4,1,4.554895,language_owner_star_prcell,True,True,True,True,C,C,Organization,Organization,5000-inf,5000-inf,1000-2999,1000-2999,60757,11804,1985,1113,0,605,,,6501,4430
FTE034,FCR-0302,git/git,Documentation/SubmittingPatches,2025-10-01T21:27:04Z,developer_or_maintainer_doc,authorship_or_provenance;human_responsibility;restriction_or_ban,FreeRTOS/FreeRTOS,2,6.658608,language_owner_star_prcell,True,True,True,True,C,C,Organization,Organization,5000-inf,5000-inf,1000-2999,1000-2999,60757,7284,1985,1285,0,116,,5.0,6501,2442
FTE034,FCR-0302,git/git,Documentation/SubmittingPatches,2025-10-01T21:27:04Z,developer_or_maintainer_doc,authorship_or_provenance;human_responsibility;restriction_or_ban,RfidResearchGroup/proxmark3,3,7.382139,language_owner_star_prcell,True,True,True,True,C,C,Organization,Organization,5000-inf,5000-inf,1000-2999,1000-2999,60757,5601,1985,2315,0,954,,5.0,6501,2829
FTE034,FCR-0302,git/git,Documentation/SubmittingPatches,2025-10-01T21:27:04Z,developer_or_maintainer_doc,authorship_or_provenance;human_responsibility;restriction_or_ban,libuv/libuv,4,8.063533,language_owner_star_prcell,True,True,True,True,C,C,Organization,Organization,5000-inf,5000-inf,1000-2999,1000-2999,60757,26811,1985,2870,0,1892,,6.0,6501,4545
FTE034,FCR-0302,git/git,Documentation/SubmittingPatches,2025-10-01T21:27:04Z,developer_or_maintainer_doc,authorship_or_provenance;human_responsibility;restriction_or_ban,arkime/arkime,5,8.178856,language_owner_star_prcell,True,True,True,True,C,C,Organization,Organization,5000-inf,5000-inf,1000-2999,1000-2999,60757,7367,1985,2368,0,1539,,6.0,6501,5057
FTE036,FCR-0292,PierreBeucher/cloudypad,docs/src/contributing/contribution-guide.md,2025-10-09T15:01:23Z,contributing_guide,disclosure;human_responsibility;verification_testing,MatiPl01/react-native-sortables,1,0.564588,language_owner_star_prcell,True,True,True,True,TypeScript,TypeScript,User,User,200-999,200-999,0100-0499,0100-0499,906,940,299,432,75,81,,,917,741
FTE036,FCR-0292,PierreBeucher/cloudypad,docs/src/contributing/contribution-guide.md,2025-10-09T15:01:23Z,contributing_guide,disclosure;human_responsibility;verification_testing,Luligu/matterbridge,2,0.633566,language_owner_star_prcell,True,True,True,True,TypeScript,TypeScript,User,User,200-999,200-999,0100-0499,0100-0499,906,889,299,266,75,196,,,917,809
FTE036,FCR-0292,PierreBeucher/cloudypad,docs/src/contributing/contribution-guide.md,2025-10-09T15:01:23Z,contributing_guide,disclosure;human_responsibility;verification_testing,tegnike/aituber-kit,3,0.711404,language_owner_star_prcell,True,True,True,True,TypeScript,TypeScript,User,User,200-999,200-999,0100-0499,0100-0499,906,968,299,342,75,172,,,917,940
FTE036,FCR-0292,PierreBeucher/cloudypad,docs/src/contributing/contribution-guide.md,2025-10-09T15:01:23Z,contributing_guide,disclosure;human_responsibility;verification_testing,chirag-droid/animeflix,4,0.851533,language_owner_star_prcell,True,True,True,True,TypeScript,TypeScript,User,User,200-999,200-999,0100-0499,0100-0499,906,607,299,469,75,49,,,917,1637
FTE036,FCR-0292,PierreBeucher/cloudypad,docs/src/contributing/contribution-guide.md,2025-10-09T15:01:23Z,contributing_guide,disclosure;human_responsibility;verification_testing,northword/zotero-format-metadata,5,1.063762,language_owner_star_prcell,True,True,True,True,TypeScript,TypeScript,User,User,200-999,200-999,0100-0499,0100-0499,906,909,299,173,75,238,,,917,1147
FTE037,FCR-0104,hynek/structlog,.github/CONTRIBUTING.md,2025-10-14T04:20:18Z,contributing_guide,authorship_or_provenance;disclosure;human_responsibility;restriction_or_ban,piskvorky/smart_open,1,1.124151,language_owner_star_prcell,True,True,True,True,Python,Python,User,User,1000-4999,1000-4999,0100-0499,0100-0499,4756,3443,417,463,391,420,6.0,5.0,4654,4147
FTE037,FCR-0104,hynek/structlog,.github/CONTRIBUTING.md,2025-10-14T04:20:18Z,contributing_guide,authorship_or_provenance;disclosure;human_responsibility;restriction_or_ban,ParisNeo/lollms-webui,2,1.580961,language_owner_star_prcell,True,True,True,True,Python,Python,User,User,1000-4999,1000-4999,0100-0499,0100-0499,4756,4782,417,338,391,312,6.0,6.0,4654,1131
FTE037,FCR-0104,hynek/structlog,.github/CONTRIBUTING.md,2025-10-14T04:20:18Z,contributing_guide,authorship_or_provenance;disclosure;human_responsibility;restriction_or_ban,Nemo2011/bilibili-api,3,1.786198,language_owner_star_prcell,True,True,True,True,Python,Python,User,User,1000-4999,1000-4999,0100-0499,0100-0499,4756,3898,417,431,391,559,6.0,5.0,4654,1475
FTE037,FCR-0104,hynek/structlog,.github/CONTRIBUTING.md,2025-10-14T04:20:18Z,contributing_guide,authorship_or_provenance;disclosure;human_responsibility;restriction_or_ban,MilesCranmer/PySR,4,2.413046,language_owner_star_prcell,True,True,True,True,Python,Python,User,User,1000-4999,1000-4999,0100-0499,0100-0499,4756,3533,417,372,391,317,6.0,4.0,4654,2065
FTE037,FCR-0104,hynek/structlog,.github/CONTRIBUTING.md,2025-10-14T04:20:18Z,contributing_guide,authorship_or_provenance;disclosure;human_responsibility;restriction_or_ban,moraroy/NonSteamLaunchers-On-Steam-Deck,5,3.577838,language_owner_star_prcell,True,True,True,True,Python,Python,User,User,1000-4999,1000-4999,0100-0499,0100-0499,4756,4221,417,361,391,470,6.0,3.0,4654,1110
FTE038,FCR-0310,spotDL/spotify-downloader,docs/CONTRIBUTING.md,2025-10-16T15:35:37Z,contributing_guide,human_responsibility;restriction_or_ban,trailofbits/algo,1,0.217621,language_owner_star_prcell,True,True,True,True,Python,Python,Organization,Organization,5000-inf,5000-inf,0500-0999,0500-0999,24675,30217,803,922,1806,1645,,,3596,3648
FTE038,FCR-0310,spotDL/spotify-downloader,docs/CONTRIBUTING.md,2025-10-16T15:35:37Z,contributing_guide,human_responsibility;restriction_or_ban,nginx-proxy/nginx-proxy,2,0.452857,language_owner_star_prcell,True,True,True,True,Python,Python,Organization,Organization,5000-inf,5000-inf,0500-0999,0500-0999,24675,19830,803,861,1806,1385,,,3596,4389
FTE038,FCR-0310,spotDL/spotify-downloader,docs/CONTRIBUTING.md,2025-10-16T15:35:37Z,contributing_guide,human_responsibility;restriction_or_ban,icloud-photos-downloader/icloud_photos_downloader,3,1.032322,language_owner_star_prcell,True,True,True,True,Python,Python,Organization,Organization,5000-inf,5000-inf,0500-0999,0500-0999,24675,11915,803,566,1806,633,,,3596,3650
FTE038,FCR-0310,spotDL/spotify-downloader,docs/CONTRIBUTING.md,2025-10-16T15:35:37Z,contributing_guide,human_responsibility;restriction_or_ban,Aider-AI/aider,4,1.332132,language_owner_star_prcell,True,True,True,True,Python,Python,Organization,Organization,5000-inf,5000-inf,0500-0999,0500-0999,24675,44504,803,967,1806,4098,,,3596,1098
FTE038,FCR-0310,spotDL/spotify-downloader,docs/CONTRIBUTING.md,2025-10-16T15:35:37Z,contributing_guide,human_responsibility;restriction_or_ban,microsoft/markitdown,5,2.103737,language_owner_star_prcell,True,True,True,True,Python,Python,Organization,Organization,5000-inf,5000-inf,0500-0999,0500-0999,24675,121735,803,591,1806,454,,,3596,544
FTE039,FCR-0167,timelinize/timelinize,.github/ISSUE_TEMPLATE/ISSUE.yml,2025-10-17T05:43:13Z,issue_template,disclosure;model_tool_usage_detail;process_requirement,gvcgo/version-manager,1,1.145523,language_owner_star_prcell,True,True,True,True,Go,Go,Organization,Organization,1000-4999,1000-4999,0000-0099,0000-0099,3485,1330,72,32,110,182,,,638,802
FTE039,FCR-0167,timelinize/timelinize,.github/ISSUE_TEMPLATE/ISSUE.yml,2025-10-17T05:43:13Z,issue_template,disclosure;model_tool_usage_detail;process_requirement,wgpsec/ENScan_GO,2,1.267075,language_owner_star_prcell,True,True,True,True,Go,Go,Organization,Organization,1000-4999,1000-4999,0000-0099,0000-0099,3485,4373,72,26,110,190,,,638,1588
FTE039,FCR-0167,timelinize/timelinize,.github/ISSUE_TEMPLATE/ISSUE.yml,2025-10-17T05:43:13Z,issue_template,disclosure;model_tool_usage_detail;process_requirement,sensepost/gowitness,3,1.33852,language_owner_star_prcell,True,True,True,True,Go,Go,Organization,Organization,1000-4999,1000-4999,0000-0099,0000-0099,3485,4272,72,95,110,212,,,638,3114
FTE039,FCR-0167,timelinize/timelinize,.github/ISSUE_TEMPLATE/ISSUE.yml,2025-10-17T05:43:13Z,issue_template,disclosure;model_tool_usage_detail;process_requirement,53AI/53AIHub,4,1.38224,language_owner_star_prcell,True,True,True,True,Go,Go,Organization,Organization,1000-4999,1000-4999,0000-0099,0000-0099,3485,4968,72,30,110,30,,,638,382
FTE039,FCR-0167,timelinize/timelinize,.github/ISSUE_TEMPLATE/ISSUE.yml,2025-10-17T05:43:13Z,issue_template,disclosure;model_tool_usage_detail;process_requirement,sony/gobreaker,5,1.668611,language_owner_star_prcell,True,True,True,True,Go,Go,Organization,Organization,1000-4999,1000-4999,0000-0099,0000-0099,3485,3598,72,84,110,33,,,638,4000
FTE041,FCR-2992,OpenHFT/Chronicle-Threads,AGENTS.md,2025-10-20T08:36:41Z,agent_instruction_boundary,agent_instruction_boundary;verification_testing;process_requirement,prismmodelchecker/prism,1,0.36274,language_owner_star_prcell,True,True,True,True,Java,Java,Organization,Organization,50-199,50-199,0100-0499,0100-0499,196,189,237,171,112,107,,,4094,3779
FTE041,FCR-2992,OpenHFT/Chronicle-Threads,AGENTS.md,2025-10-20T08:36:41Z,agent_instruction_boundary,agent_instruction_boundary;verification_testing;process_requirement,awslabs/amazon-sqs-java-messaging-lib,2,0.564878,language_owner_star_prcell,True,True,True,True,Java,Java,Organization,Organization,50-199,50-199,0100-0499,0100-0499,196,183,237,160,112,101,,,4094,4168
FTE041,FCR-2992,OpenHFT/Chronicle-Threads,AGENTS.md,2025-10-20T08:36:41Z,agent_instruction_boundary,agent_instruction_boundary;verification_testing;process_requirement,SeaseLtd/rated-ranking-evaluator,3,0.664666,language_owner_star_prcell,True,True,True,True,Java,Java,Organization,Organization,50-199,50-199,0100-0499,0100-0499,196,195,237,196,112,67,,,4094,2916
FTE041,FCR-2992,OpenHFT/Chronicle-Threads,AGENTS.md,2025-10-20T08:36:41Z,agent_instruction_boundary,agent_instruction_boundary;verification_testing;process_requirement,ManyDesigns/Portofino,4,0.918992,language_owner_star_prcell,True,True,True,True,Java,Java,Organization,Organization,50-199,50-199,0100-0499,0100-0499,196,186,237,280,112,473,,,4094,4101
FTE041,FCR-2992,OpenHFT/Chronicle-Threads,AGENTS.md,2025-10-20T08:36:41Z,agent_instruction_boundary,agent_instruction_boundary;verification_testing;process_requirement,fnproject/docs,5,0.998812,language_owner_star_prcell,True,True,True,True,Java,Java,Organization,Organization,50-199,50-199,0100-0499,0100-0499,196,159,237,124,112,47,,,4094,2842
FTE042,FCR-0083,diggerhq/digger,CONTRIBUTING.md,2025-10-20T19:34:06Z,contributing_guide,disclosure;human_responsibility;model_tool_usage_detail,go-vikunja/vikunja,1,0.760957,language_owner_star_prcell,True,True,True,True,Go,Go,Organization,Organization,1000-4999,1000-4999,1000-2999,1000-2999,4932,4145,2020,1750,616,952,3.0,3.0,1172,2721
FTE042,FCR-0083,diggerhq/digger,CONTRIBUTING.md,2025-10-20T19:34:06Z,contributing_guide,disclosure;human_responsibility;model_tool_usage_detail,osrg/gobgp,2,1.381266,language_owner_star_prcell,True,True,True,True,Go,Go,Organization,Organization,1000-4999,1000-4999,1000-2999,1000-2999,4932,4046,2020,2605,616,801,3.0,3.0,1172,4257
FTE042,FCR-0083,diggerhq/digger,CONTRIBUTING.md,2025-10-20T19:34:06Z,contributing_guide,disclosure;human_responsibility;model_tool_usage_detail,the-open-agent/openagent,3,2.186605,language_owner_star_prcell,True,True,True,True,Go,Go,Organization,Organization,1000-4999,1000-4999,1000-2999,1000-2999,4932,4540,2020,1461,616,701,3.0,1.0,1172,2173
FTE042,FCR-0083,diggerhq/digger,CONTRIBUTING.md,2025-10-20T19:34:06Z,contributing_guide,disclosure;human_responsibility;model_tool_usage_detail,NVIDIA/nvidia-container-toolkit,4,2.263359,language_owner_star_prcell,True,True,True,True,Go,Go,Organization,Organization,1000-4999,1000-4999,1000-2999,1000-2999,4932,4306,2020,1092,616,667,3.0,5.0,1172,2370
FTE042,FCR-0083,diggerhq/digger,CONTRIBUTING.md,2025-10-20T19:34:06Z,contributing_guide,disclosure;human_responsibility;model_tool_usage_detail,vllm-project/semantic-router,5,3.237477,language_owner_star_prcell,True,True,True,True,Go,Go,Organization,Organization,1000-4999,1000-4999,1000-2999,1000-2999,4932,4092,2020,1251,616,613,3.0,6.0,1172,258
FTE043,FCR-0145,rizinorg/rizin,.github/PULL_REQUEST_TEMPLATE.md,2025-10-21T12:53:17Z,pr_template,disclosure;process_requirement;restriction_or_ban,microsoft/msquic,1,0.332915,language_owner,True,True,True,True,C,C,Organization,Organization,1000-4999,1000-4999,3000-9999,3000-9999,3557,4688,4831,4453,1421,1064,7.0,7.0,2049,2389
FTE043,FCR-0145,rizinorg/rizin,.github/PULL_REQUEST_TEMPLATE.md,2025-10-21T12:53:17Z,pr_template,disclosure;process_requirement;restriction_or_ban,cilium/tetragon,2,1.180759,language_owner,True,True,True,True,C,C,Organization,Organization,1000-4999,1000-4999,3000-9999,3000-9999,3557,4629,4831,4197,1421,752,7.0,8.0,2049,1510
FTE043,FCR-0145,rizinorg/rizin,.github/PULL_REQUEST_TEMPLATE.md,2025-10-21T12:53:17Z,pr_template,disclosure;process_requirement;restriction_or_ban,aws/s2n-tls,3,1.479768,language_owner,True,True,True,True,C,C,Organization,Organization,1000-4999,1000-4999,3000-9999,3000-9999,3557,4716,4831,4239,1421,1610,7.0,6.0,2049,4336
FTE043,FCR-0145,rizinorg/rizin,.github/PULL_REQUEST_TEMPLATE.md,2025-10-21T12:53:17Z,pr_template,disclosure;process_requirement;restriction_or_ban,HDFGroup/hdf5,4,3.348774,language_owner,True,True,False,True,C,C,Organization,Organization,1000-4999,200-999,3000-9999,3000-9999,3557,931,4831,5115,1421,1227,7.0,8.0,2049,2208
FTE043,FCR-0145,rizinorg/rizin,.github/PULL_REQUEST_TEMPLATE.md,2025-10-21T12:53:17Z,pr_template,disclosure;process_requirement;restriction_or_ban,arkime/arkime,5,4.658672,language_owner,True,True,False,False,C,C,Organization,Organization,1000-4999,5000-inf,3000-9999,1000-2999,3557,7367,4831,2368,1421,1539,7.0,6.0,2049,5057
FTE044,FCR-0178,winapps-org/winapps,.github/CONTRIBUTING.md,2025-10-23T12:10:37Z,contributing_guide,disclosure;human_responsibility;restriction_or_ban,dockur/macos,1,0.734973,language_owner_star_prcell,True,True,True,True,Shell,Shell,Organization,Organization,5000-inf,5000-inf,0100-0499,0100-0499,14997,19805,234,237,415,161,,,1041,708
FTE044,FCR-0178,winapps-org/winapps,.github/CONTRIBUTING.md,2025-10-23T12:10:37Z,contributing_guide,disclosure;human_responsibility;restriction_or_ban,conda-forge/miniforge,2,0.739641,language_owner_star_prcell,True,True,True,True,Shell,Shell,Organization,Organization,5000-inf,5000-inf,0100-0499,0100-0499,14997,9748,234,323,415,498,,,1041,2370
FTE044,FCR-0178,winapps-org/winapps,.github/CONTRIBUTING.md,2025-10-23T12:10:37Z,contributing_guide,disclosure;human_responsibility;restriction_or_ban,binpash/try,3,1.582111,language_owner_star_prcell,True,True,True,True,Shell,Shell,Organization,Organization,5000-inf,5000-inf,0100-0499,0100-0499,14997,5438,234,118,415,98,,,1041,1090
FTE044,FCR-0178,winapps-org/winapps,.github/CONTRIBUTING.md,2025-10-23T12:10:37Z,contributing_guide,disclosure;human_responsibility;restriction_or_ban,kubernetes/examples,4,1.731325,language_owner_star_prcell,True,True,True,True,Shell,Shell,Organization,Organization,5000-inf,5000-inf,0100-0499,0100-0499,14997,6583,234,382,415,181,,,1041,3310
FTE044,FCR-0178,winapps-org/winapps,.github/CONTRIBUTING.md,2025-10-23T12:10:37Z,contributing_guide,disclosure;human_responsibility;restriction_or_ban,ONLYOFFICE/DocumentServer,5,2.068012,language_owner_star_prcell,True,True,True,True,Shell,Shell,Organization,Organization,5000-inf,5000-inf,0100-0499,0100-0499,14997,6496,234,223,415,3165,,,1041,4328
FTE045,FCR-0158,streamyfin/streamyfin,.github/CONTRIBUTING.md,2025-10-24T07:55:07Z,contributing_guide,disclosure;human_responsibility;model_tool_usage_detail,jetkvm/kvm,1,0.243537,language_owner_star_prcell,True,True,True,True,TypeScript,TypeScript,Organization,Organization,1000-4999,1000-4999,0500-0999,0500-0999,4734,4611,747,754,789,610,,,649,585
FTE045,FCR-0158,streamyfin/streamyfin,.github/CONTRIBUTING.md,2025-10-24T07:55:07Z,contributing_guide,disclosure;human_responsibility;model_tool_usage_detail,cloudflare/agents,2,0.62344,language_owner_star_prcell,True,True,True,True,TypeScript,TypeScript,Organization,Organization,1000-4999,1000-4999,0500-0999,0500-0999,4734,4880,747,999,789,435,,,649,467
FTE045,FCR-0158,streamyfin/streamyfin,.github/CONTRIBUTING.md,2025-10-24T07:55:07Z,contributing_guide,disclosure;human_responsibility;model_tool_usage_detail,scriptscat/scriptcat,3,0.64735,language_owner_star_prcell,True,True,True,True,TypeScript,TypeScript,Organization,Organization,1000-4999,1000-4999,0500-0999,0500-0999,4734,4429,747,572,789,784,,,649,1951
FTE045,FCR-0158,streamyfin/streamyfin,.github/CONTRIBUTING.md,2025-10-24T07:55:07Z,contributing_guide,disclosure;human_responsibility;model_tool_usage_detail,autobase-tech/autobase,4,0.961578,language_owner_star_prcell,True,True,True,True,TypeScript,TypeScript,Organization,Organization,1000-4999,1000-4999,0500-0999,0500-0999,4734,4164,747,809,789,552,,,649,2533
FTE045,FCR-0158,streamyfin/streamyfin,.github/CONTRIBUTING.md,2025-10-24T07:55:07Z,contributing_guide,disclosure;human_responsibility;model_tool_usage_detail,MCSManager/MCSManager,5,1.211458,language_owner_star_prcell,True,True,True,True,TypeScript,TypeScript,Organization,Organization,1000-4999,1000-4999,0500-0999,0500-0999,4734,4718,747,628,789,1488,,,649,3102
FTE046,FCR-0308,neomutt/neomutt,docs/CONTRIBUTING.md,2025-11-04T14:21:31Z,contributing_guide,disclosure;human_responsibility,flatpak/flatpak,1,0.464936,language_owner_star_prcell,True,True,True,True,C,C,Organization,Organization,1000-4999,1000-4999,1000-2999,1000-2999,3713,4908,2257,2824,2331,3739,,,3794,3644
FTE046,FCR-0308,neomutt/neomutt,docs/CONTRIBUTING.md,2025-11-04T14:21:31Z,contributing_guide,disclosure;human_responsibility,RedisGraph/RedisGraph,2,2.221063,language_owner_star_prcell,True,True,True,True,C,C,Organization,Organization,1000-4999,1000-4999,1000-2999,1000-2999,3713,2041,2257,2031,2331,1207,,2.0,3794,3350
FTE046,FCR-0308,neomutt/neomutt,docs/CONTRIBUTING.md,2025-11-04T14:21:31Z,contributing_guide,disclosure;human_responsibility,geany/geany,3,3.26771,language_owner_star_prcell,True,True,True,True,C,C,Organization,Organization,1000-4999,1000-4999,1000-2999,1000-2999,3713,3595,2257,1790,2331,2443,,3.0,3794,5330
FTE046,FCR-0308,neomutt/neomutt,docs/CONTRIBUTING.md,2025-11-04T14:21:31Z,contributing_guide,disclosure;human_responsibility,ntop/nDPI,4,5.348342,language_owner_star_prcell,True,True,True,True,C,C,Organization,Organization,1000-4999,1000-4999,1000-2999,1000-2999,3713,4455,2257,2182,2331,978,,5.0,3794,4040
FTE046,FCR-0308,neomutt/neomutt,docs/CONTRIBUTING.md,2025-11-04T14:21:31Z,contributing_guide,disclosure;human_responsibility,kamailio/kamailio,5,7.44173,language_owner_star_prcell,True,True,True,True,C,C,Organization,Organization,1000-4999,1000-4999,1000-2999,1000-2999,3713,2807,2257,2447,2331,2260,,7.0,3794,4534
FTE047,FCR-0213,lxc/incus-os,CONTRIBUTING.md,2025-11-05T00:08:46Z,contributing_guide,human_responsibility;restriction_or_ban,hookdeck/outpost,1,0.360405,language_owner_star_prcell,True,True,True,True,Go,Go,Organization,Organization,200-999,200-999,0500-0999,0500-0999,948,959,711,632,361,240,,,627,628
FTE047,FCR-0213,lxc/incus-os,CONTRIBUTING.md,2025-11-05T00:08:46Z,contributing_guide,human_responsibility;restriction_or_ban,Notifiarr/notifiarr,2,0.687714,language_owner_star_prcell,True,True,True,True,Go,Go,Organization,Organization,200-999,200-999,0500-0999,0500-0999,948,873,711,922,361,307,,,627,1974
FTE047,FCR-0213,lxc/incus-os,CONTRIBUTING.md,2025-11-05T00:08:46Z,contributing_guide,human_responsibility;restriction_or_ban,bluenviron/gortsplib,3,1.005223,language_owner_star_prcell,True,True,True,True,Go,Go,Organization,Organization,200-999,200-999,0500-0999,0500-0999,948,909,711,779,361,220,,,627,2303
FTE047,FCR-0213,lxc/incus-os,CONTRIBUTING.md,2025-11-05T00:08:46Z,contributing_guide,human_responsibility;restriction_or_ban,hetznercloud/hcloud-cloud-controller-manager,4,1.523512,language_owner_star_prcell,True,True,True,True,Go,Go,Organization,Organization,200-999,200-999,0500-0999,0500-0999,948,911,711,838,361,387,,1.0,627,3029
FTE047,FCR-0213,lxc/incus-os,CONTRIBUTING.md,2025-11-05T00:08:46Z,contributing_guide,human_responsibility;restriction_or_ban,keycloak/terraform-provider-keycloak,5,4.440321,language_owner_star_prcell,True,True,True,True,Go,Go,Organization,Organization,200-999,200-999,0500-0999,0500-0999,948,920,711,881,361,676,,4.0,627,2809
FTE048,FCR-0340,sandboxie-plus/Sandboxie,SECURITY.md,2025-11-06T07:10:08Z,security_policy,restriction_or_ban,valkey-io/valkey,1,1.473039,language_owner_star_prcell,True,True,True,True,C,C,Organization,Organization,5000-inf,5000-inf,1000-2999,1000-2999,18246,25673,1808,2396,2923,1007,8.0,9.0,2223,780
FTE048,FCR-0340,sandboxie-plus/Sandboxie,SECURITY.md,2025-11-06T07:10:08Z,security_policy,restriction_or_ban,sparklemotion/nokogiri,2,2.331458,language_owner_star_prcell,True,True,True,True,C,C,Organization,Organization,5000-inf,5000-inf,1000-2999,1000-2999,18246,6251,1808,1427,2923,2056,8.0,7.0,2223,6510
FTE048,FCR-0340,sandboxie-plus/Sandboxie,SECURITY.md,2025-11-06T07:10:08Z,security_policy,restriction_or_ban,libuv/libuv,3,2.438881,language_owner_star_prcell,True,True,True,True,C,C,Organization,Organization,5000-inf,5000-inf,1000-2999,1000-2999,18246,26811,1808,2870,2923,1892,8.0,6.0,2223,4545
FTE048,FCR-0340,sandboxie-plus/Sandboxie,SECURITY.md,2025-11-06T07:10:08Z,security_policy,restriction_or_ban,arkime/arkime,4,2.598361,language_owner_star_prcell,True,True,True,True,C,C,Organization,Organization,5000-inf,5000-inf,1000-2999,1000-2999,18246,7367,1808,2368,2923,1539,8.0,6.0,2223,5057
FTE048,FCR-0340,sandboxie-plus/Sandboxie,SECURITY.md,2025-11-06T07:10:08Z,security_policy,restriction_or_ban,fontforge/fontforge,5,4.480309,language_owner_star_prcell,True,True,True,True,C,C,Organization,Organization,5000-inf,5000-inf,1000-2999,1000-2999,18246,7700,1808,2324,2923,3255,8.0,4.0,2223,5020
FTE049,FCR-0313,danirod/cartero,docs/src/contributing.md,2025-11-10T03:15:00Z,contributing_guide,restriction_or_ban,rochacbruno/marmite,1,0.450818,language_owner_star_prcell,True,True,True,True,Rust,Rust,User,User,200-999,200-999,0100-0499,0100-0499,994,841,192,294,141,122,,,780,574
FTE049,FCR-0313,danirod/cartero,docs/src/contributing.md,2025-11-10T03:15:00Z,contributing_guide,restriction_or_ban,dj95/zjstatus,2,0.560112,language_owner_star_prcell,True,True,True,True,Rust,Rust,User,User,200-999,200-999,0100-0499,0100-0499,994,961,192,119,141,121,,,780,985
FTE049,FCR-0313,danirod/cartero,docs/src/contributing.md,2025-11-10T03:15:00Z,contributing_guide,restriction_or_ban,chenxiaolong/avbroot,3,0.699492,language_owner_star_prcell,True,True,True,True,Rust,Rust,User,User,200-999,200-999,0100-0499,0100-0499,994,882,192,353,141,202,,,780,1416
FTE049,FCR-0313,danirod/cartero,docs/src/contributing.md,2025-11-10T03:15:00Z,contributing_guide,restriction_or_ban,madeofpendletonwool/PinePods,4,0.989758,language_owner_star_prcell,True,True,True,True,Rust,Rust,User,User,200-999,200-999,0100-0499,0100-0499,994,859,192,396,141,396,,,780,1346
FTE049,FCR-0313,danirod/cartero,docs/src/contributing.md,2025-11-10T03:15:00Z,contributing_guide,restriction_or_ban,hahwul/jwt-hack,5,1.001409,language_owner_star_prcell,True,True,True,True,Rust,Rust,User,User,200-999,200-999,0100-0499,0100-0499,994,983,192,139,141,48,,,780,2139
FTE051,FCR-0115,kiali/kiali,CONTRIBUTING.md,2025-11-19T12:00:32Z,contributing_guide,disclosure;human_responsibility,ddev/ddev,1,0.244098,language_owner_star_prcell,True,True,True,True,Go,Go,Organization,Organization,1000-4999,1000-4999,3000-9999,3000-9999,3609,3588,5238,4708,4059,3458,,,3018,3386
FTE051,FCR-0115,kiali/kiali,CONTRIBUTING.md,2025-11-19T12:00:32Z,contributing_guide,disclosure;human_responsibility,kubernetes-sigs/cluster-api,2,0.770662,language_owner_star_prcell,True,True,True,True,Go,Go,Organization,Organization,1000-4999,1000-4999,3000-9999,3000-9999,3609,4200,5238,9769,4059,3748,,,3018,2987
FTE051,FCR-0115,kiali/kiali,CONTRIBUTING.md,2025-11-19T12:00:32Z,contributing_guide,disclosure;human_responsibility,googleapis/google-cloud-go,3,0.941784,language_owner_star_prcell,True,True,True,True,Go,Go,Organization,Organization,1000-4999,1000-4999,3000-9999,3000-9999,3609,4447,5238,8647,4059,5800,,,3018,4385
FTE051,FCR-0115,kiali/kiali,CONTRIBUTING.md,2025-11-19T12:00:32Z,contributing_guide,disclosure;human_responsibility,Velocidex/velociraptor,4,1.320801,language_owner_star_prcell,True,True,True,True,Go,Go,Organization,Organization,1000-4999,1000-4999,3000-9999,3000-9999,3609,3944,5238,3255,4059,1479,,1.0,3018,2970
FTE051,FCR-0115,kiali/kiali,CONTRIBUTING.md,2025-11-19T12:00:32Z,contributing_guide,disclosure;human_responsibility,DNSControl/dnscontrol,5,5.387318,language_owner_star_prcell,True,True,True,True,Go,Go,Organization,Organization,1000-4999,1000-4999,3000-9999,3000-9999,3609,3819,5238,3053,4059,1102,,5.0,3018,3541
FTE052,FCR-0106,ideoforms/AbletonOSC,.github/pull_request_template.md,2025-11-19T15:03:55Z,pr_template,human_responsibility;process_requirement;restriction_or_ban,toddrob99/MLB-StatsAPI,1,0.362533,language_owner_star_prcell,True,True,True,True,Python,Python,User,User,200-999,200-999,0000-0099,0000-0099,737,790,60,54,139,114,,,1835,2578
FTE052,FCR-0106,ideoforms/AbletonOSC,.github/pull_request_template.md,2025-11-19T15:03:55Z,pr_template,human_responsibility;process_requirement;restriction_or_ban,8go/matrix-commander,2,0.367133,language_owner_star_prcell,True,True,True,True,Python,Python,User,User,200-999,200-999,0000-0099,0000-0099,737,731,60,72,139,127,,,1835,2113
FTE052,FCR-0106,ideoforms/AbletonOSC,.github/pull_request_template.md,2025-11-19T15:03:55Z,pr_template,human_responsibility;process_requirement;restriction_or_ban,OpenSourceAP/CrossSection,3,0.420432,language_owner_star_prcell,True,True,True,True,Python,Python,User,User,200-999,200-999,0000-0099,0000-0099,737,962,60,60,139,146,,0.0,1835,2194
FTE052,FCR-0106,ideoforms/AbletonOSC,.github/pull_request_template.md,2025-11-19T15:03:55Z,pr_template,human_responsibility;process_requirement;restriction_or_ban,OverLordGoldDragon/ssqueezepy,4,0.42752,language_owner_star_prcell,True,True,True,True,Python,Python,User,User,200-999,200-999,0000-0099,0000-0099,737,789,60,50,139,84,,,1835,2294
FTE052,FCR-0106,ideoforms/AbletonOSC,.github/pull_request_template.md,2025-11-19T15:03:55Z,pr_template,human_responsibility;process_requirement;restriction_or_ban,TheCommsChannel/TC2-BBS-mesh,5,0.541036,language_owner_star_prcell,True,True,True,True,Python,Python,User,User,200-999,200-999,0000-0099,0000-0099,737,711,60,51,139,113,,,1835,685
FTE054,FCR-0109,jank-lang/jank,CONTRIBUTING.md,2025-11-27T23:37:34Z,contributing_guide,human_responsibility;restriction_or_ban,projectM-visualizer/projectm,1,0.718999,language_owner_star_prcell,True,True,True,True,C++,C++,Organization,Organization,1000-4999,1000-4999,0100-0499,0100-0499,3198,4206,402,492,316,412,,,4331,4655
FTE054,FCR-0109,jank-lang/jank,CONTRIBUTING.md,2025-11-27T23:37:34Z,contributing_guide,human_responsibility;restriction_or_ban,windirstat/windirstat,2,0.902924,language_owner_star_prcell,True,True,True,True,C++,C++,Organization,Organization,1000-4999,1000-4999,0100-0499,0100-0499,3198,3185,402,170,316,306,,,4331,3689
FTE054,FCR-0109,jank-lang/jank,CONTRIBUTING.md,2025-11-27T23:37:34Z,contributing_guide,human_responsibility;restriction_or_ban,rime/librime,3,1.041638,language_owner_star_prcell,True,True,True,True,C++,C++,Organization,Organization,1000-4999,1000-4999,0100-0499,0100-0499,3198,4355,402,493,316,642,,,4331,5165
FTE054,FCR-0109,jank-lang/jank,CONTRIBUTING.md,2025-11-27T23:37:34Z,contributing_guide,human_responsibility;restriction_or_ban,strawberrymusicplayer/strawberry,4,1.079374,language_owner_star_prcell,True,True,True,True,C++,C++,Organization,Organization,1000-4999,1000-4999,0100-0499,0100-0499,3198,3703,402,455,316,1481,,,4331,4151
FTE054,FCR-0109,jank-lang/jank,CONTRIBUTING.md,2025-11-27T23:37:34Z,contributing_guide,human_responsibility;restriction_or_ban,BehaviorTree/BehaviorTree.CPP,5,1.224763,language_owner_star_prcell,True,True,True,True,C++,C++,Organization,Organization,1000-4999,1000-4999,0100-0499,0100-0499,3198,4003,402,419,316,640,,,4331,2764
FTE055,FCR-0191,Next-Flip/Momentum-Firmware,CONTRIBUTING.md,2025-11-29T15:45:58Z,contributing_guide,restriction_or_ban,tinyproxy/tinyproxy,1,1.7652,language_owner_star_prcell,True,True,True,True,C,C,Organization,Organization,5000-inf,5000-inf,0100-0499,0100-0499,8457,5822,233,158,300,437,4.0,3.0,801,3808
FTE055,FCR-0191,Next-Flip/Momentum-Firmware,CONTRIBUTING.md,2025-11-29T15:45:58Z,contributing_guide,restriction_or_ban,Zelda64Recomp/Zelda64Recomp,2,2.158542,language_owner_star_prcell,True,True,True,True,C,C,Organization,Organization,5000-inf,5000-inf,0100-0499,0100-0499,8457,6968,233,207,300,485,4.0,2.0,801,931
FTE055,FCR-0191,Next-Flip/Momentum-Firmware,CONTRIBUTING.md,2025-11-29T15:45:58Z,contributing_guide,restriction_or_ban,palera1n/palera1n,3,2.171711,language_owner_star_prcell,True,True,True,True,C,C,Organization,Organization,5000-inf,5000-inf,0100-0499,0100-0499,8457,6187,233,210,300,476,4.0,2.0,801,1332
FTE055,FCR-0191,Next-Flip/Momentum-Firmware,CONTRIBUTING.md,2025-11-29T15:45:58Z,contributing_guide,restriction_or_ban,zmap/zmap,4,2.188114,language_owner_star_prcell,True,True,True,True,C,C,Organization,Organization,5000-inf,5000-inf,0100-0499,0100-0499,8457,6181,233,424,300,516,4.0,3.0,801,4856
FTE055,FCR-0191,Next-Flip/Momentum-Firmware,CONTRIBUTING.md,2025-11-29T15:45:58Z,contributing_guide,restriction_or_ban,containers/bubblewrap,5,2.524754,language_owner_star_prcell,True,True,True,True,C,C,Organization,Organization,5000-inf,5000-inf,0100-0499,0100-0499,8457,7030,233,367,300,379,4.0,2.0,801,3737
FTE056,FCR-0101,htop-dev/htop,CONTRIBUTING.md,2025-12-01T07:04:59Z,contributing_guide,authorship_or_provenance;disclosure;human_responsibility,FreeRTOS/FreeRTOS,1,1.364755,language_owner_star_prcell,True,True,True,True,C,C,Organization,Organization,5000-inf,5000-inf,1000-2999,1000-2999,8041,7284,1161,1285,816,116,5.0,5.0,2093,2442
FTE056,FCR-0101,htop-dev/htop,CONTRIBUTING.md,2025-12-01T07:04:59Z,contributing_guide,authorship_or_provenance;disclosure;human_responsibility,arkime/arkime,2,1.870207,language_owner_star_prcell,True,True,True,True,C,C,Organization,Organization,5000-inf,5000-inf,1000-2999,1000-2999,8041,7367,1161,2368,816,1539,5.0,6.0,2093,5057
FTE056,FCR-0101,htop-dev/htop,CONTRIBUTING.md,2025-12-01T07:04:59Z,contributing_guide,authorship_or_provenance;disclosure;human_responsibility,fontforge/fontforge,3,1.98763,language_owner_star_prcell,True,True,True,True,C,C,Organization,Organization,5000-inf,5000-inf,1000-2999,1000-2999,8041,7700,1161,2324,816,3255,5.0,4.0,2093,5020
FTE056,FCR-0101,htop-dev/htop,CONTRIBUTING.md,2025-12-01T07:04:59Z,contributing_guide,authorship_or_provenance;disclosure;human_responsibility,espeak-ng/espeak-ng,4,2.283467,language_owner_star_prcell,True,True,True,True,C,C,Organization,Organization,5000-inf,5000-inf,1000-2999,1000-2999,8041,6422,1161,1192,816,1114,5.0,3.0,2093,3807
FTE056,FCR-0101,htop-dev/htop,CONTRIBUTING.md,2025-12-01T07:04:59Z,contributing_guide,authorship_or_provenance;disclosure;human_responsibility,valkey-io/valkey,5,4.429848,language_owner_star_prcell,True,True,True,True,C,C,Organization,Organization,5000-inf,5000-inf,1000-2999,1000-2999,8041,25673,1161,2396,816,1007,5.0,9.0,2093,780
FTE057,FCR-0239,Textualize/rich,.github/pull_request_template.md,2025-12-02T10:18:00Z,pr_template,disclosure;maintainer_review_discretion;process_requirement,psf/black,1,0.678551,language_owner_star_prcell,True,True,True,True,Python,Python,Organization,Organization,5000-inf,5000-inf,1000-2999,1000-2999,56284,41490,1456,2231,1497,2792,,,2374,2980
FTE057,FCR-0239,Textualize/rich,.github/pull_request_template.md,2025-12-02T10:18:00Z,pr_template,disclosure;maintainer_review_discretion;process_requirement,lm-sys/FastChat,2,0.734254,language_owner_star_prcell,True,True,True,True,Python,Python,Organization,Organization,5000-inf,5000-inf,1000-2999,1000-2999,56284,39466,1456,1264,1497,1948,,,2374,1149
FTE057,FCR-0239,Textualize/rich,.github/pull_request_template.md,2025-12-02T10:18:00Z,pr_template,disclosure;maintainer_review_discretion;process_requirement,recommenders-team/recommenders,3,0.835133,language_owner_star_prcell,True,True,True,True,Python,Python,Organization,Organization,5000-inf,5000-inf,1000-2999,1000-2999,56284,21675,1456,1394,1497,901,,,2374,2791
FTE057,FCR-0239,Textualize/rich,.github/pull_request_template.md,2025-12-02T10:18:00Z,pr_template,disclosure;maintainer_review_discretion;process_requirement,Genesis-Embodied-AI/genesis-world,4,0.851845,language_owner_star_prcell,True,True,True,True,Python,Python,Organization,Organization,5000-inf,5000-inf,1000-2999,1000-2999,56284,28711,1456,1453,1497,1008,,,2374,923
FTE057,FCR-0239,Textualize/rich,.github/pull_request_template.md,2025-12-02T10:18:00Z,pr_template,disclosure;maintainer_review_discretion;process_requirement,Chainlit/chainlit,5,1.284008,language_owner_star_prcell,True,True,True,True,Python,Python,Organization,Organization,5000-inf,5000-inf,1000-2999,1000-2999,56284,12058,1456,1354,1497,1555,,,2374,1154
FTE058,FCR-0269,talwat/lowfi,CONTRIBUTING.md,2025-12-06T16:28:11Z,contributing_guide,restriction_or_ban;maintainer_review_discretion,bugzmanov/bookokrat,1,0.278105,language_owner_star_prcell,True,True,True,True,Rust,Rust,User,User,200-999,200-999,0000-0099,0000-0099,883,827,52,55,69,95,,,595,195
FTE058,FCR-0269,talwat/lowfi,CONTRIBUTING.md,2025-12-06T16:28:11Z,contributing_guide,restriction_or_ban;maintainer_review_discretion,LGUG2Z/whkd,2,0.38989,language_owner_star_prcell,True,True,True,True,Rust,Rust,User,User,200-999,200-999,0000-0099,0000-0099,883,883,52,64,69,60,,,595,1207
FTE058,FCR-0269,talwat/lowfi,CONTRIBUTING.md,2025-12-06T16:28:11Z,contributing_guide,restriction_or_ban;maintainer_review_discretion,sirwart/ripsecrets,3,0.717294,language_owner_star_prcell,True,True,True,True,Rust,Rust,User,User,200-999,200-999,0000-0099,0000-0099,883,901,52,82,69,37,,,595,1486
FTE058,FCR-0269,talwat/lowfi,CONTRIBUTING.md,2025-12-06T16:28:11Z,contributing_guide,restriction_or_ban;maintainer_review_discretion,matsadler/magnus,4,0.802412,language_owner_star_prcell,True,True,True,True,Rust,Rust,User,User,200-999,200-999,0000-0099,0000-0099,883,875,52,94,69,87,,,595,1821
FTE058,FCR-0269,talwat/lowfi,CONTRIBUTING.md,2025-12-06T16:28:11Z,contributing_guide,restriction_or_ban;maintainer_review_discretion,deniz-blue/mcman,5,0.909096,language_owner_star_prcell,True,True,True,True,Rust,Rust,User,User,200-999,200-999,0000-0099,0000-0099,883,305,52,72,69,71,,,595,1089
FTE060,FCR-0249,buildkite/cli,.github/pull_request_template.md,2025-12-10T04:54:17Z,pr_template,disclosure;model_tool_usage_detail;process_requirement,apache/dubbo-kubernetes,1,0.255868,language_owner_star_prcell,True,True,True,True,Go,Go,Organization,Organization,50-199,50-199,0500-0999,0500-0999,195,196,695,781,122,121,,,3191,2855
FTE060,FCR-0249,buildkite/cli,.github/pull_request_template.md,2025-12-10T04:54:17Z,pr_template,disclosure;model_tool_usage_detail;process_requirement,algorand/go-algorand-sdk,2,0.371621,language_owner_star_prcell,True,True,True,True,Go,Go,Organization,Organization,50-199,50-199,0500-0999,0500-0999,195,188,695,644,122,146,,,3191,2653
FTE060,FCR-0249,buildkite/cli,.github/pull_request_template.md,2025-12-10T04:54:17Z,pr_template,disclosure;model_tool_usage_detail;process_requirement,aws/aws-k8s-tester,3,0.525249,language_owner_star_prcell,True,True,True,True,Go,Go,Organization,Organization,50-199,50-199,0500-0999,0500-0999,195,183,695,730,122,62,,,3191,2771
FTE060,FCR-0249,buildkite/cli,.github/pull_request_template.md,2025-12-10T04:54:17Z,pr_template,disclosure;model_tool_usage_detail;process_requirement,cert-manager/istio-csr,4,0.526861,language_owner_star_prcell,True,True,True,True,Go,Go,Organization,Organization,50-199,50-199,0500-0999,0500-0999,195,188,695,693,122,108,,,3191,2051
FTE060,FCR-0249,buildkite/cli,.github/pull_request_template.md,2025-12-10T04:54:17Z,pr_template,disclosure;model_tool_usage_detail;process_requirement,tronbyt/server,5,0.992521,language_owner_star_prcell,True,True,True,True,Go,Go,Organization,Organization,50-199,50-199,0500-0999,0500-0999,195,190,695,597,122,205,,,3191,1066
FTE061,FCR-0266,shikijs/shiki,.github/pull_request_template.md,2025-12-14T04:26:31Z,pr_template,process_requirement;restriction_or_ban,airbnb/visx,1,0.544546,language_owner_star_prcell,True,True,True,True,TypeScript,TypeScript,Organization,Organization,5000-inf,5000-inf,0500-0999,0500-0999,13294,20784,658,834,578,827,,,2751,3344
FTE061,FCR-0266,shikijs/shiki,.github/pull_request_template.md,2025-12-14T04:26:31Z,pr_template,process_requirement;restriction_or_ban,47ng/nuqs,2,0.758066,language_owner_star_prcell,True,True,True,True,TypeScript,TypeScript,Organization,Organization,5000-inf,5000-inf,0500-0999,0500-0999,13294,10409,658,894,578,261,,,2751,2191
FTE061,FCR-0266,shikijs/shiki,.github/pull_request_template.md,2025-12-14T04:26:31Z,pr_template,process_requirement;restriction_or_ban,puckeditor/puck,3,0.799836,language_owner_star_prcell,True,True,True,True,TypeScript,TypeScript,Organization,Organization,5000-inf,5000-inf,0500-0999,0500-0999,13294,12620,658,817,578,761,,,2751,1074
FTE061,FCR-0266,shikijs/shiki,.github/pull_request_template.md,2025-12-14T04:26:31Z,pr_template,process_requirement;restriction_or_ban,unovue/shadcn-vue,4,0.82371,language_owner_star_prcell,True,True,True,True,TypeScript,TypeScript,Organization,Organization,5000-inf,5000-inf,0500-0999,0500-0999,13294,9883,658,676,578,918,,,2751,1050
FTE061,FCR-0266,shikijs/shiki,.github/pull_request_template.md,2025-12-14T04:26:31Z,pr_template,process_requirement;restriction_or_ban,Portkey-AI/gateway,5,0.90105,language_owner_star_prcell,True,True,True,True,TypeScript,TypeScript,Organization,Organization,5000-inf,5000-inf,0500-0999,0500-0999,13294,11640,658,985,578,624,,,2751,992
FTE062,FCR-0073,bvaughn/react-window,CONTRIBUTING.md,2025-12-18T18:44:11Z,contributing_guide,human_responsibility;verification_testing,nilbuild/driver.js,1,0.527384,language_owner_star_prcell,True,True,True,True,TypeScript,TypeScript,User,User,5000-inf,5000-inf,0100-0499,0100-0499,17172,25618,182,188,722,384,,,2926,2983
FTE062,FCR-0073,bvaughn/react-window,CONTRIBUTING.md,2025-12-18T18:44:11Z,contributing_guide,human_responsibility;verification_testing,Vinzent03/obsidian-git,2,0.631588,language_owner_star_prcell,True,True,True,True,TypeScript,TypeScript,User,User,5000-inf,5000-inf,0100-0499,0100-0499,17172,10800,182,137,722,791,,,2926,2022
FTE062,FCR-0073,bvaughn/react-window,CONTRIBUTING.md,2025-12-18T18:44:11Z,contributing_guide,human_responsibility;verification_testing,windingwind/zotero-pdf-translate,3,1.028483,language_owner_star_prcell,True,True,True,True,TypeScript,TypeScript,User,User,5000-inf,5000-inf,0100-0499,0100-0499,17172,10814,182,366,722,1048,,,2926,1524
FTE062,FCR-0073,bvaughn/react-window,CONTRIBUTING.md,2025-12-18T18:44:11Z,contributing_guide,human_responsibility;verification_testing,codexu/note-gen,4,1.031805,language_owner_star_prcell,True,True,True,True,TypeScript,TypeScript,User,User,5000-inf,5000-inf,0100-0499,0100-0499,17172,11788,182,170,722,788,,,2926,643
FTE062,FCR-0073,bvaughn/react-window,CONTRIBUTING.md,2025-12-18T18:44:11Z,contributing_guide,human_responsibility;verification_testing,whyour/qinglong,5,1.137322,language_owner_star_prcell,True,True,True,True,TypeScript,TypeScript,User,User,5000-inf,5000-inf,0100-0499,0100-0499,17172,19537,182,241,722,2466,,,2926,1885
FTE064,FCR-0192,OpenNMT/CTranslate2,CONTRIBUTING.md,2025-12-29T18:16:23Z,contributing_guide,disclosure;human_responsibility;verification_testing,facebookresearch/habitat-sim,1,0.403865,language_owner_star_prcell,True,True,True,True,C++,C++,Organization,Organization,1000-4999,1000-4999,1000-2999,1000-2999,4470,3652,1223,1768,811,845,,,2422,2653
FTE064,FCR-0192,OpenNMT/CTranslate2,CONTRIBUTING.md,2025-12-29T18:16:23Z,contributing_guide,disclosure;human_responsibility;verification_testing,ton-blockchain/ton,2,0.544725,language_owner_star_prcell,True,True,True,True,C++,C++,Organization,Organization,1000-4999,1000-4999,1000-2999,1000-2999,4470,3969,1223,1296,811,865,,,2422,2438
FTE064,FCR-0192,OpenNMT/CTranslate2,CONTRIBUTING.md,2025-12-29T18:16:23Z,contributing_guide,disclosure;human_responsibility;verification_testing,BespokeSynth/BespokeSynth,3,0.567693,language_owner_star_prcell,True,True,True,True,C++,C++,Organization,Organization,1000-4999,1000-4999,1000-2999,1000-2999,4470,4597,1223,1096,811,943,,,2422,3557
FTE064,FCR-0192,OpenNMT/CTranslate2,CONTRIBUTING.md,2025-12-29T18:16:23Z,contributing_guide,disclosure;human_responsibility;verification_testing,KhronosGroup/Vulkan-Hpp,4,0.68445,language_owner_star_prcell,True,True,True,True,C++,C++,Organization,Organization,1000-4999,1000-4999,1000-2999,1000-2999,4470,3693,1223,1838,811,718,,,2422,3616
FTE064,FCR-0192,OpenNMT/CTranslate2,CONTRIBUTING.md,2025-12-29T18:16:23Z,contributing_guide,disclosure;human_responsibility;verification_testing,include-what-you-use/include-what-you-use,5,0.701379,language_owner_star_prcell,True,True,True,True,C++,C++,Organization,Organization,1000-4999,1000-4999,1000-2999,1000-2999,4470,4675,1223,1052,811,954,,,2422,3983
FTE065,FCR-0146,rolldown/tsdown,.github/PULL_REQUEST_TEMPLATE.md,2025-12-30T10:38:21Z,pr_template,human_responsibility;process_requirement;restriction_or_ban,embedpdf/embed-pdf-viewer,1,0.458177,language_owner_star_prcell,True,True,True,True,TypeScript,TypeScript,Organization,Organization,1000-4999,1000-4999,0100-0499,0100-0499,3913,4017,364,315,457,258,,,794,478
FTE065,FCR-0146,rolldown/tsdown,.github/PULL_REQUEST_TEMPLATE.md,2025-12-30T10:38:21Z,pr_template,human_responsibility;process_requirement;restriction_or_ban,run-llama/llama_cloud_services,2,0.607707,language_owner_star_prcell,True,True,True,True,TypeScript,TypeScript,Organization,Organization,1000-4999,1000-4999,0100-0499,0100-0499,3913,4249,364,490,457,619,,,794,831
FTE065,FCR-0146,rolldown/tsdown,.github/PULL_REQUEST_TEMPLATE.md,2025-12-30T10:38:21Z,pr_template,human_responsibility;process_requirement;restriction_or_ban,kanbn/kan,3,0.674767,language_owner_star_prcell,True,True,True,True,TypeScript,TypeScript,Organization,Organization,1000-4999,1000-4999,0100-0499,0100-0499,3913,4803,364,277,457,210,,,794,927
FTE065,FCR-0146,rolldown/tsdown,.github/PULL_REQUEST_TEMPLATE.md,2025-12-30T10:38:21Z,pr_template,human_responsibility;process_requirement;restriction_or_ban,formkit/formkit,4,0.76325,language_owner_star_prcell,True,True,True,True,TypeScript,TypeScript,Organization,Organization,1000-4999,1000-4999,0100-0499,0100-0499,3913,4698,364,316,457,1161,,,794,1804
FTE065,FCR-0146,rolldown/tsdown,.github/PULL_REQUEST_TEMPLATE.md,2025-12-30T10:38:21Z,pr_template,human_responsibility;process_requirement;restriction_or_ban,remnawave/panel,5,0.790388,language_owner_star_prcell,True,True,True,True,TypeScript,TypeScript,Organization,Organization,1000-4999,1000-4999,0100-0499,0100-0499,3913,3875,364,186,457,238,,,794,486
FTE066,FCR-0116,kornia/kornia,.github/pull_request_template.md,2025-12-31T17:20:32Z,pr_template,disclosure;human_responsibility;process_requirement,sanic-org/sanic,1,0.685819,language_owner_star_prcell,True,True,True,True,Python,Python,Organization,Organization,5000-inf,5000-inf,1000-2999,1000-2999,11199,18640,2466,1683,1060,1465,,,2819,3637
FTE066,FCR-0116,kornia/kornia,.github/pull_request_template.md,2025-12-31T17:20:32Z,pr_template,disclosure;human_responsibility;process_requirement,dbcli/mycli,2,0.981265,language_owner_star_prcell,True,True,True,True,Python,Python,Organization,Organization,5000-inf,5000-inf,1000-2999,1000-2999,11199,11909,2466,1141,1060,723,,,2819,4054
FTE066,FCR-0116,kornia/kornia,.github/pull_request_template.md,2025-12-31T17:20:32Z,pr_template,disclosure;human_responsibility;process_requirement,psf/black,3,1.233054,language_owner_star_prcell,True,True,True,True,Python,Python,Organization,Organization,5000-inf,5000-inf,1000-2999,1000-2999,11199,41490,2466,2231,1060,2792,,,2819,2980
FTE066,FCR-0116,kornia/kornia,.github/pull_request_template.md,2025-12-31T17:20:32Z,pr_template,disclosure;human_responsibility;process_requirement,Genesis-Embodied-AI/genesis-world,4,1.259866,language_owner_star_prcell,True,True,True,True,Python,Python,Organization,Organization,5000-inf,5000-inf,1000-2999,1000-2999,11199,28711,2466,1453,1060,1008,,,2819,923
FTE066,FCR-0116,kornia/kornia,.github/pull_request_template.md,2025-12-31T17:20:32Z,pr_template,disclosure;human_responsibility;process_requirement,locustio/locust,5,1.554381,language_owner_star_prcell,True,True,True,True,Python,Python,Organization,Organization,5000-inf,5000-inf,1000-2999,1000-2999,11199,27775,2466,1522,1060,1773,,,2819,5562
FTE068,FCR-0062,arabcoders/ytptube,CONTRIBUTING.md,2026-01-02T18:04:43Z,contributing_guide,human_responsibility;restriction_or_ban;verification_testing,dougiteixeira/proxmoxve,1,0.678972,language_owner_star_prcell,True,True,True,True,Python,Python,User,User,200-999,200-999,0100-0499,0100-0499,906,934,452,389,78,167,,,899,1396
FTE068,FCR-0062,arabcoders/ytptube,CONTRIBUTING.md,2026-01-02T18:04:43Z,contributing_guide,human_responsibility;restriction_or_ban;verification_testing,ceccopierangiolieugenio/pyTermTk,2,0.81425,language_owner_star_prcell,True,True,True,True,Python,Python,User,User,200-999,200-999,0100-0499,0100-0499,906,887,452,362,78,220,,,899,1910
FTE068,FCR-0062,arabcoders/ytptube,CONTRIBUTING.md,2026-01-02T18:04:43Z,contributing_guide,human_responsibility;restriction_or_ban;verification_testing,g0ldyy/comet,3,0.833982,language_owner_star_prcell,True,True,True,True,Python,Python,User,User,200-999,200-999,0100-0499,0100-0499,906,933,452,431,78,147,,,899,699
FTE068,FCR-0062,arabcoders/ytptube,CONTRIBUTING.md,2026-01-02T18:04:43Z,contributing_guide,human_responsibility;restriction_or_ban;verification_testing,christiaangoossens/hass-oidc-auth,4,0.972139,language_owner_star_prcell,True,True,True,True,Python,Python,User,User,200-999,200-999,0100-0499,0100-0499,906,897,452,173,78,86,,,899,1260
FTE068,FCR-0062,arabcoders/ytptube,CONTRIBUTING.md,2026-01-02T18:04:43Z,contributing_guide,human_responsibility;restriction_or_ban;verification_testing,SlimeBoyOwO/LingChat,5,0.973908,language_owner_star_prcell,True,True,True,True,Python,Python,User,User,200-999,200-999,0100-0499,0100-0499,906,894,452,209,78,151,,,899,400
FTE069,FCR-0006,OWASP/mastg,.github/PULL_REQUEST_TEMPLATE.md,2026-01-04T19:09:04Z,pr_template,disclosure;model_tool_usage_detail;process_requirement;restriction_or_ban,sanic-org/sanic,1,0.503446,language_owner_star_prcell,True,True,True,True,Python,Python,Organization,Organization,5000-inf,5000-inf,1000-2999,1000-2999,12871,18640,2293,1683,1175,1465,,,3510,3637
FTE069,FCR-0006,OWASP/mastg,.github/PULL_REQUEST_TEMPLATE.md,2026-01-04T19:09:04Z,pr_template,disclosure;model_tool_usage_detail;process_requirement;restriction_or_ban,psf/black,2,1.063771,language_owner_star_prcell,True,True,True,True,Python,Python,Organization,Organization,5000-inf,5000-inf,1000-2999,1000-2999,12871,41490,2293,2231,1175,2792,,,3510,2980
FTE069,FCR-0006,OWASP/mastg,.github/PULL_REQUEST_TEMPLATE.md,2026-01-04T19:09:04Z,pr_template,disclosure;model_tool_usage_detail;process_requirement;restriction_or_ban,Comfy-Org/ComfyUI-Manager,3,1.088888,language_owner_star_prcell,True,True,True,True,Python,Python,Organization,Organization,5000-inf,5000-inf,1000-2999,1000-2999,12871,14559,2293,1691,1175,1044,,,3510,1114
FTE069,FCR-0006,OWASP/mastg,.github/PULL_REQUEST_TEMPLATE.md,2026-01-04T19:09:04Z,pr_template,disclosure;model_tool_usage_detail;process_requirement;restriction_or_ban,locustio/locust,4,1.163964,language_owner_star_prcell,True,True,True,True,Python,Python,Organization,Organization,5000-inf,5000-inf,1000-2999,1000-2999,12871,27775,2293,1522,1175,1773,,,3510,5562
FTE069,FCR-0006,OWASP/mastg,.github/PULL_REQUEST_TEMPLATE.md,2026-01-04T19:09:04Z,pr_template,disclosure;model_tool_usage_detail;process_requirement;restriction_or_ban,nltk/nltk,5,1.205686,language_owner_star_prcell,True,True,True,True,Python,Python,Organization,Organization,5000-inf,5000-inf,1000-2999,1000-2999,12871,14606,2293,1639,1175,1902,,,3510,6090
FTE070,FCR-0137,osm-search/Nominatim,.github/PULL_REQUEST_TEMPLATE.md,2026-01-05T16:42:35Z,pr_template,disclosure;process_requirement;restriction_or_ban;verification_testing,pyqtgraph/pyqtgraph,1,0.516346,language_owner_star_prcell,True,True,True,True,Python,Python,Organization,Organization,1000-4999,1000-4999,1000-2999,1000-2999,4232,4335,1396,1923,2221,1380,5.0,5.0,5182,4624
FTE070,FCR-0137,osm-search/Nominatim,.github/PULL_REQUEST_TEMPLATE.md,2026-01-05T16:42:35Z,pr_template,disclosure;process_requirement;restriction_or_ban;verification_testing,pyload/pyload,2,1.106064,language_owner_star_prcell,True,True,True,True,Python,Python,Organization,Organization,1000-4999,1000-4999,1000-2999,1000-2999,4232,3758,1396,1309,2221,3337,5.0,6.0,5182,4838
FTE070,FCR-0137,osm-search/Nominatim,.github/PULL_REQUEST_TEMPLATE.md,2026-01-05T16:42:35Z,pr_template,disclosure;process_requirement;restriction_or_ban;verification_testing,praw-dev/praw,3,1.298558,language_owner_star_prcell,True,True,True,True,Python,Python,Organization,Organization,1000-4999,1000-4999,1000-2999,1000-2999,4232,4118,1396,1327,2221,770,5.0,4.0,5182,5744
FTE070,FCR-0137,osm-search/Nominatim,.github/PULL_REQUEST_TEMPLATE.md,2026-01-05T16:42:35Z,pr_template,disclosure;process_requirement;restriction_or_ban;verification_testing,modoboa/modoboa,4,2.150669,language_owner_star_prcell,True,True,True,True,Python,Python,Organization,Organization,1000-4999,1000-4999,1000-2999,1000-2999,4232,3482,1396,1531,2221,1956,5.0,7.0,5182,4773
FTE070,FCR-0137,osm-search/Nominatim,.github/PULL_REQUEST_TEMPLATE.md,2026-01-05T16:42:35Z,pr_template,disclosure;process_requirement;restriction_or_ban;verification_testing,volatilityfoundation/volatility3,5,2.249677,language_owner_star_prcell,True,True,True,True,Python,Python,Organization,Organization,1000-4999,1000-4999,1000-2999,1000-2999,4232,4102,1396,1212,2221,760,5.0,3.0,5182,4488
FTE072,FCR-0378,printfn/fend,.github/pull_request_template.md,2026-01-09T00:36:03Z,pr_template,disclosure;process_requirement,Lokathor/bytemuck,1,0.285465,language_owner_star_prcell,True,True,True,True,Rust,Rust,User,User,200-999,200-999,0100-0499,0100-0499,988,991,191,184,179,151,,,2110,2425
FTE072,FCR-0378,printfn/fend,.github/pull_request_template.md,2026-01-09T00:36:03Z,pr_template,disclosure;process_requirement,HEnquist/camilladsp,2,0.328964,language_owner_star_prcell,True,True,True,True,Rust,Rust,User,User,200-999,200-999,0100-0499,0100-0499,988,938,191,238,179,234,,,2110,2356
FTE072,FCR-0378,printfn/fend,.github/pull_request_template.md,2026-01-09T00:36:03Z,pr_template,disclosure;process_requirement,janhohenheim/foxtrot,3,0.46268,language_owner_star_prcell,True,True,True,True,Rust,Rust,User,User,200-999,200-999,0100-0499,0100-0499,988,849,191,277,179,177,,,2110,1489
FTE072,FCR-0378,printfn/fend,.github/pull_request_template.md,2026-01-09T00:36:03Z,pr_template,disclosure;process_requirement,ParkMyCar/compact_str,4,0.533426,language_owner_star_prcell,True,True,True,True,Rust,Rust,User,User,200-999,200-999,0100-0499,0100-0499,988,830,191,309,179,144,,,2110,1703
FTE072,FCR-0378,printfn/fend,.github/pull_request_template.md,2026-01-09T00:36:03Z,pr_template,disclosure;process_requirement,vorner/signal-hook,5,0.784743,language_owner_star_prcell,True,True,True,True,Rust,Rust,User,User,200-999,200-999,0100-0499,0100-0499,988,849,191,107,179,95,,,2110,2889
FTE075,FCR-0295,YosysHQ/yosys,docs/source/yosys_internals/extending_yosys/contributing.rst,2026-01-12T23:16:58Z,developer_or_maintainer_doc,human_responsibility;restriction_or_ban,stellar/stellar-core,1,0.383968,language_owner,True,True,True,True,C++,C++,Organization,Organization,1000-4999,1000-4999,3000-9999,3000-9999,4428,3281,3485,3300,2082,1865,,,4874,4186
FTE075,FCR-0295,YosysHQ/yosys,docs/source/yosys_internals/extending_yosys/contributing.rst,2026-01-12T23:16:58Z,developer_or_maintainer_doc,human_responsibility;restriction_or_ban,Warzone2100/warzone2100,2,0.49685,language_owner,True,True,True,True,C++,C++,Organization,Organization,1000-4999,1000-4999,3000-9999,3000-9999,4428,3793,3485,3289,2082,1506,,,4874,5655
FTE075,FCR-0295,YosysHQ/yosys,docs/source/yosys_internals/extending_yosys/contributing.rst,2026-01-12T23:16:58Z,developer_or_maintainer_doc,human_responsibility;restriction_or_ban,domoticz/domoticz,3,0.534008,language_owner,True,True,True,True,C++,C++,Organization,Organization,1000-4999,1000-4999,3000-9999,3000-9999,4428,3742,3485,3277,2082,3395,,,4874,3922
FTE075,FCR-0295,YosysHQ/yosys,docs/source/yosys_internals/extending_yosys/contributing.rst,2026-01-12T23:16:58Z,developer_or_maintainer_doc,human_responsibility;restriction_or_ban,uxlfoundation/oneDNN,4,0.588061,language_owner,True,True,True,True,C++,C++,Organization,Organization,1000-4999,1000-4999,3000-9999,3000-9999,4428,3985,3485,3672,2082,1420,,,4874,3654
FTE075,FCR-0295,YosysHQ/yosys,docs/source/yosys_internals/extending_yosys/contributing.rst,2026-01-12T23:16:58Z,developer_or_maintainer_doc,human_responsibility;restriction_or_ban,microsoft/DirectXShaderCompiler,5,0.804119,language_owner,True,True,True,True,C++,C++,Organization,Organization,1000-4999,1000-4999,3000-9999,3000-9999,4428,3556,3485,5378,2082,2947,,,4874,3442
FTE076,FCR-0307,mpv-player/mpv,DOCS/contribute.md,2026-01-13T16:00:17Z,contributing_guide,authorship_or_provenance;disclosure;human_responsibility;restriction_or_ban,lvgl/lvgl,1,0.883203,language_owner_star_prcell,True,True,True,True,C,C,Organization,Organization,5000-inf,5000-inf,3000-9999,3000-9999,35094,23462,6021,5701,10943,4331,,,4958,3624
FTE076,FCR-0307,mpv-player/mpv,DOCS/contribute.md,2026-01-13T16:00:17Z,contributing_guide,authorship_or_provenance;disclosure;human_responsibility;restriction_or_ban,FreeRDP/FreeRDP,2,1.1663,language_owner_star_prcell,True,True,True,True,C,C,Organization,Organization,5000-inf,5000-inf,3000-9999,3000-9999,35094,13127,6021,7052,10943,5035,,,4958,5429
FTE076,FCR-0307,mpv-player/mpv,DOCS/contribute.md,2026-01-13T16:00:17Z,contributing_guide,authorship_or_provenance;disclosure;human_responsibility;restriction_or_ban,redis/redis,3,1.282414,language_owner_star_prcell,True,True,True,True,C,C,Organization,Organization,5000-inf,5000-inf,3000-9999,3000-9999,35094,74153,6021,7782,10943,6957,,,4958,6260
FTE076,FCR-0307,mpv-player/mpv,DOCS/contribute.md,2026-01-13T16:00:17Z,contributing_guide,authorship_or_provenance;disclosure;human_responsibility;restriction_or_ban,Mbed-TLS/mbedtls,4,1.387896,language_owner_star_prcell,True,True,True,True,C,C,Organization,Organization,5000-inf,5000-inf,3000-9999,3000-9999,35094,6625,6021,6336,10943,4372,,,4958,4926
FTE076,FCR-0307,mpv-player/mpv,DOCS/contribute.md,2026-01-13T16:00:17Z,contributing_guide,authorship_or_provenance;disclosure;human_responsibility;restriction_or_ban,yugabyte/yugabyte-db,5,1.406748,language_owner_star_prcell,True,True,True,True,C,C,Organization,Organization,5000-inf,5000-inf,3000-9999,3000-9999,35094,10258,6021,5598,10943,25665,,,4958,3140
FTE077,FCR-0244,axolotl-ai-cloud/axolotl,.github/PULL_REQUEST_TEMPLATE.md,2026-01-14T14:39:21Z,pr_template,disclosure;model_tool_usage_detail;process_requirement,Comfy-Org/ComfyUI-Manager,1,0.465631,language_owner_star_prcell,True,True,True,True,Python,Python,Organization,Organization,5000-inf,5000-inf,1000-2999,1000-2999,11861,14559,2486,1691,973,1044,,,1123,1114
FTE077,FCR-0244,axolotl-ai-cloud/axolotl,.github/PULL_REQUEST_TEMPLATE.md,2026-01-14T14:39:21Z,pr_template,disclosure;model_tool_usage_detail;process_requirement,Lightning-AI/litgpt,2,0.620919,language_owner_star_prcell,True,True,True,True,Python,Python,Organization,Organization,5000-inf,5000-inf,1000-2999,1000-2999,11861,13346,2486,1320,973,913,,,1123,1103
FTE077,FCR-0244,axolotl-ai-cloud/axolotl,.github/PULL_REQUEST_TEMPLATE.md,2026-01-14T14:39:21Z,pr_template,disclosure;model_tool_usage_detail;process_requirement,Chainlit/chainlit,3,0.667525,language_owner_star_prcell,True,True,True,True,Python,Python,Organization,Organization,5000-inf,5000-inf,1000-2999,1000-2999,11861,12058,2486,1354,973,1555,,,1123,1154
FTE077,FCR-0244,axolotl-ai-cloud/axolotl,.github/PULL_REQUEST_TEMPLATE.md,2026-01-14T14:39:21Z,pr_template,disclosure;model_tool_usage_detail;process_requirement,psf/black,4,1.450621,language_owner_star_prcell,True,True,True,True,Python,Python,Organization,Organization,5000-inf,5000-inf,1000-2999,1000-2999,11861,41490,2486,2231,973,2792,,,1123,2980
FTE077,FCR-0244,axolotl-ai-cloud/axolotl,.github/PULL_REQUEST_TEMPLATE.md,2026-01-14T14:39:21Z,pr_template,disclosure;model_tool_usage_detail;process_requirement,dbcli/mycli,5,1.517721,language_owner_star_prcell,True,True,True,True,Python,Python,Organization,Organization,5000-inf,5000-inf,1000-2999,1000-2999,11861,11909,2486,1141,973,723,,,1123,4054
FTE078,FCR-0160,sympy/sympy,.github/PULL_REQUEST_TEMPLATE.md,2026-01-14T19:34:48Z,pr_template,disclosure;process_requirement;restriction_or_ban,TheAlgorithms/Python,1,2.839886,language_owner,True,True,True,True,Python,Python,Organization,Organization,5000-inf,5000-inf,10000+,10000+,14618,220861,15134,12181,14105,1723,,,5855,3586
FTE078,FCR-0160,sympy/sympy,.github/PULL_REQUEST_TEMPLATE.md,2026-01-14T19:34:48Z,pr_template,disclosure;process_requirement;restriction_or_ban,pypi/warehouse,2,3.371462,language_owner,True,True,False,True,Python,Python,Organization,Organization,5000-inf,1000-4999,10000+,10000+,14618,4016,15134,15986,14105,3732,,,5855,4790
FTE078,FCR-0160,sympy/sympy,.github/PULL_REQUEST_TEMPLATE.md,2026-01-14T19:34:48Z,pr_template,disclosure;process_requirement;restriction_or_ban,pantsbuild/pants,3,3.374095,language_owner,True,True,False,True,Python,Python,Organization,Organization,5000-inf,1000-4999,10000+,10000+,14618,3766,15134,16903,14105,6170,,,5855,4893
FTE078,FCR-0160,sympy/sympy,.github/PULL_REQUEST_TEMPLATE.md,2026-01-14T19:34:48Z,pr_template,disclosure;process_requirement;restriction_or_ban,pydantic/pydantic,4,3.466976,language_owner,True,True,True,False,Python,Python,Organization,Organization,5000-inf,5000-inf,10000+,3000-9999,14618,27719,15134,5082,14105,5617,,,5855,3295
FTE078,FCR-0160,sympy/sympy,.github/PULL_REQUEST_TEMPLATE.md,2026-01-14T19:34:48Z,pr_template,disclosure;process_requirement;restriction_or_ban,PaddlePaddle/PaddleOCR,5,3.861308,language_owner,True,True,True,False,Python,Python,Organization,Organization,5000-inf,5000-inf,10000+,3000-9999,14618,77385,15134,3954,14105,10577,,,5855,2194
FTE079,FCR-0301,fastapi/sqlmodel,docs/contributing.md,2026-01-16T11:48:01Z,contributing_guide,human_responsibility;restriction_or_ban,llmware-ai/llmware,1,0.823363,language_owner_star_prcell,True,True,True,True,Python,Python,Organization,Organization,5000-inf,5000-inf,1000-2999,1000-2999,17913,14864,1011,1069,348,167,,,1721,955
FTE079,FCR-0301,fastapi/sqlmodel,docs/contributing.md,2026-01-16T11:48:01Z,contributing_guide,human_responsibility;restriction_or_ban,roboflow/supervision,2,0.986809,language_owner_star_prcell,True,True,True,True,Python,Python,Organization,Organization,5000-inf,5000-inf,1000-2999,1000-2999,17913,38392,1011,1438,348,525,,,1721,1260
FTE079,FCR-0301,fastapi/sqlmodel,docs/contributing.md,2026-01-16T11:48:01Z,contributing_guide,human_responsibility;restriction_or_ban,dbcli/mycli,3,1.160699,language_owner_star_prcell,True,True,True,True,Python,Python,Organization,Organization,5000-inf,5000-inf,1000-2999,1000-2999,17913,11909,1011,1141,348,723,,,1721,4054
FTE079,FCR-0301,fastapi/sqlmodel,docs/contributing.md,2026-01-16T11:48:01Z,contributing_guide,human_responsibility;restriction_or_ban,cookiecutter/cookiecutter,4,1.518095,language_owner_star_prcell,True,True,True,True,Python,Python,Organization,Organization,5000-inf,5000-inf,1000-2999,1000-2999,17913,24854,1011,1258,348,897,,,1721,4684
FTE079,FCR-0301,fastapi/sqlmodel,docs/contributing.md,2026-01-16T11:48:01Z,contributing_guide,human_responsibility;restriction_or_ban,locustio/locust,5,2.111252,language_owner_star_prcell,True,True,True,True,Python,Python,Organization,Organization,5000-inf,5000-inf,1000-2999,1000-2999,17913,27775,1011,1522,348,1773,,,1721,5562
FTE080,FCR-0259,ohmyzsh/ohmyzsh,.github/PULL_REQUEST_TEMPLATE.md,2026-01-19T08:25:59Z,pr_template,disclosure;human_responsibility;process_requirement,acmesh-official/acme.sh,1,3.607867,language_owner,True,True,True,False,Shell,Shell,Organization,Organization,5000-inf,5000-inf,3000-9999,1000-2999,186819,46503,8051,2426,5051,3579,,,6100,3789
FTE080,FCR-0259,ohmyzsh/ohmyzsh,.github/PULL_REQUEST_TEMPLATE.md,2026-01-19T08:25:59Z,pr_template,disclosure;human_responsibility;process_requirement,RetroPie/RetroPie-Setup,2,4.198062,language_owner,True,True,True,False,Shell,Shell,Organization,Organization,5000-inf,5000-inf,3000-9999,1000-2999,186819,10369,8051,2403,5051,1785,,,6100,5041
FTE080,FCR-0259,ohmyzsh/ohmyzsh,.github/PULL_REQUEST_TEMPLATE.md,2026-01-19T08:25:59Z,pr_template,disclosure;human_responsibility;process_requirement,testssl/testssl.sh,3,4.459556,language_owner,True,True,True,False,Shell,Shell,Organization,Organization,5000-inf,5000-inf,3000-9999,1000-2999,186819,9025,8051,1761,5051,1268,,,6100,4332
FTE080,FCR-0259,ohmyzsh/ohmyzsh,.github/PULL_REQUEST_TEMPLATE.md,2026-01-19T08:25:59Z,pr_template,disclosure;human_responsibility;process_requirement,VSCodium/vscodium,4,4.46953,language_owner,True,True,True,False,Shell,Shell,Organization,Organization,5000-inf,5000-inf,3000-9999,0500-0999,186819,31297,8051,789,5051,1682,,,6100,2828
FTE080,FCR-0259,ohmyzsh/ohmyzsh,.github/PULL_REQUEST_TEMPLATE.md,2026-01-19T08:25:59Z,pr_template,disclosure;human_responsibility;process_requirement,ROCm/ROCm,5,4.56686,language_owner,True,True,True,False,Shell,Shell,Organization,Organization,5000-inf,5000-inf,3000-9999,1000-2999,186819,6466,8051,2854,5051,3104,,,6100,3706
FTE081,FCR-0304,iree-org/iree,docs/website/docs/developers/general/contributing.md,2026-01-20T14:34:05Z,contributing_guide,authorship_or_provenance;disclosure;human_responsibility,facebookincubator/velox,1,0.591139,language_owner,True,True,True,True,C++,C++,Organization,Organization,1000-4999,1000-4999,10000+,10000+,3748,4115,19056,14164,5174,2991,,,2433,1753
FTE081,FCR-0304,iree-org/iree,docs/website/docs/developers/general/contributing.md,2026-01-20T14:34:05Z,contributing_guide,authorship_or_provenance;disclosure;human_responsibility,ydb-platform/ydb,2,0.716909,language_owner,True,True,True,True,C++,C++,Organization,Organization,1000-4999,1000-4999,10000+,10000+,3748,4721,19056,30444,5174,9133,,,2433,1554
FTE081,FCR-0304,iree-org/iree,docs/website/docs/developers/general/contributing.md,2026-01-20T14:34:05Z,contributing_guide,authorship_or_provenance;disclosure;human_responsibility,RobotLocomotion/drake,3,0.929048,language_owner,True,True,True,True,C++,C++,Organization,Organization,1000-4999,1000-4999,10000+,10000+,3748,4020,19056,17728,5174,6766,,,2433,4488
FTE081,FCR-0304,iree-org/iree,docs/website/docs/developers/general/contributing.md,2026-01-20T14:34:05Z,contributing_guide,authorship_or_provenance;disclosure;human_responsibility,root-project/root,4,1.07243,language_owner,True,True,True,True,C++,C++,Organization,Organization,1000-4999,1000-4999,10000+,10000+,3748,3199,19056,19113,5174,3019,,,2433,4701
FTE081,FCR-0304,iree-org/iree,docs/website/docs/developers/general/contributing.md,2026-01-20T14:34:05Z,contributing_guide,authorship_or_provenance;disclosure;human_responsibility,mavlink/qgroundcontrol,5,3.434072,language_owner,True,True,True,False,C++,C++,Organization,Organization,1000-4999,1000-4999,10000+,3000-9999,3748,4563,19056,8536,5174,5764,,,2433,5324
FTE082,FCR-0157,streamlink/streamlink,CONTRIBUTING.md,2026-01-20T15:29:53Z,contributing_guide,disclosure;human_responsibility;restriction_or_ban;verification_testing,borgbackup/borg,1,0.528407,language_owner_star_prcell,True,True,True,True,Python,Python,Organization,Organization,5000-inf,5000-inf,3000-9999,3000-9999,11448,13288,3217,4736,3088,4504,,,3524,4017
FTE082,FCR-0157,streamlink/streamlink,CONTRIBUTING.md,2026-01-20T15:29:53Z,contributing_guide,disclosure;human_responsibility;restriction_or_ban;verification_testing,optuna/optuna,2,0.537343,language_owner_star_prcell,True,True,True,True,Python,Python,Organization,Organization,5000-inf,5000-inf,3000-9999,3000-9999,11448,14112,3217,4405,3088,1792,,,3524,3001
FTE082,FCR-0157,streamlink/streamlink,CONTRIBUTING.md,2026-01-20T15:29:53Z,contributing_guide,disclosure;human_responsibility;restriction_or_ban;verification_testing,pyg-team/pytorch_geometric,3,0.828421,language_owner_star_prcell,True,True,True,True,Python,Python,Organization,Organization,5000-inf,5000-inf,3000-9999,3000-9999,11448,23732,3217,3775,3088,3740,,,3524,3139
FTE082,FCR-0157,streamlink/streamlink,CONTRIBUTING.md,2026-01-20T15:29:53Z,contributing_guide,disclosure;human_responsibility;restriction_or_ban;verification_testing,statsmodels/statsmodels,4,1.061943,language_owner_star_prcell,True,True,True,True,Python,Python,Organization,Organization,5000-inf,5000-inf,3000-9999,3000-9999,11448,11396,3217,4148,3088,5646,,,3524,5447
FTE082,FCR-0157,streamlink/streamlink,CONTRIBUTING.md,2026-01-20T15:29:53Z,contributing_guide,disclosure;human_responsibility;restriction_or_ban;verification_testing,mitmproxy/mitmproxy,5,1.581729,language_owner_star_prcell,True,True,True,True,Python,Python,Organization,Organization,5000-inf,5000-inf,3000-9999,3000-9999,11448,43447,3217,3454,3088,3659,,,3524,5928
FTE083,FCR-0312,typescript-eslint/typescript-eslint,docs/contributing/AI_Contribution_Policy.mdx,2026-01-20T20:07:28Z,standalone_ai_policy,disclosure;human_responsibility;maintainer_review_discretion;restriction_or_ban,apollographql/apollo-client,1,0.504957,language_owner_star_prcell,True,True,True,True,TypeScript,TypeScript,Organization,Organization,5000-inf,5000-inf,3000-9999,3000-9999,16239,19715,6236,7289,5894,5440,,,2675,3727
FTE083,FCR-0312,typescript-eslint/typescript-eslint,docs/contributing/AI_Contribution_Policy.mdx,2026-01-20T20:07:28Z,standalone_ai_policy,disclosure;human_responsibility;maintainer_review_discretion;restriction_or_ban,NG-ZORRO/ng-zorro-antd,2,0.629362,language_owner_star_prcell,True,True,True,True,TypeScript,TypeScript,Organization,Organization,5000-inf,5000-inf,3000-9999,3000-9999,16239,9145,6236,4314,5894,5238,,,2675,3198
FTE083,FCR-0312,typescript-eslint/typescript-eslint,docs/contributing/AI_Contribution_Policy.mdx,2026-01-20T20:07:28Z,standalone_ai_policy,disclosure;human_responsibility;maintainer_review_discretion;restriction_or_ban,primefaces/primeng,3,0.90105,language_owner_star_prcell,True,True,True,True,TypeScript,TypeScript,Organization,Organization,5000-inf,5000-inf,3000-9999,3000-9999,16239,12455,6236,4310,5894,15210,,,2675,3768
FTE083,FCR-0312,typescript-eslint/typescript-eslint,docs/contributing/AI_Contribution_Policy.mdx,2026-01-20T20:07:28Z,standalone_ai_policy,disclosure;human_responsibility;maintainer_review_discretion;restriction_or_ban,prisma/prisma,4,1.017744,language_owner_star_prcell,True,True,True,True,TypeScript,TypeScript,Organization,Organization,5000-inf,5000-inf,3000-9999,3000-9999,16239,45908,6236,9916,5894,11913,,,2675,2517
FTE083,FCR-0312,typescript-eslint/typescript-eslint,docs/contributing/AI_Contribution_Policy.mdx,2026-01-20T20:07:28Z,standalone_ai_policy,disclosure;human_responsibility;maintainer_review_discretion;restriction_or_ban,makeplane/plane,5,1.31857,language_owner_star_prcell,True,True,True,True,TypeScript,TypeScript,Organization,Organization,5000-inf,5000-inf,3000-9999,3000-9999,16239,48887,6236,7116,5894,1669,,,2675,1269
FTE084,FCR-0021,AFLplusplus/AFLplusplus,.github/pull_request_template.md,2026-01-22T11:32:26Z,pr_template,maintainer_review_discretion;process_requirement;restriction_or_ban,seL4/seL4,1,1.443484,language_owner_star_prcell,True,True,True,True,C,C,Organization,Organization,5000-inf,5000-inf,1000-2999,1000-2999,6498,5460,1667,1135,956,507,5.0,4.0,2540,4315
FTE084,FCR-0021,AFLplusplus/AFLplusplus,.github/pull_request_template.md,2026-01-22T11:32:26Z,pr_template,maintainer_review_discretion;process_requirement;restriction_or_ban,arkime/arkime,2,1.588391,language_owner_star_prcell,True,True,True,True,C,C,Organization,Organization,5000-inf,5000-inf,1000-2999,1000-2999,6498,7367,1667,2368,956,1539,5.0,6.0,2540,5057
FTE084,FCR-0021,AFLplusplus/AFLplusplus,.github/pull_request_template.md,2026-01-22T11:32:26Z,pr_template,maintainer_review_discretion;process_requirement;restriction_or_ban,fontforge/fontforge,3,1.74361,language_owner_star_prcell,True,True,True,True,C,C,Organization,Organization,5000-inf,5000-inf,1000-2999,1000-2999,6498,7700,1667,2324,956,3255,5.0,4.0,2540,5020
FTE084,FCR-0021,AFLplusplus/AFLplusplus,.github/pull_request_template.md,2026-01-22T11:32:26Z,pr_template,maintainer_review_discretion;process_requirement;restriction_or_ban,neutrinolabs/xrdp,4,2.521428,language_owner_star_prcell,True,True,True,True,C,C,Organization,Organization,5000-inf,5000-inf,1000-2999,1000-2999,6498,6606,1667,1439,956,1942,5.0,3.0,2540,5495
FTE084,FCR-0021,AFLplusplus/AFLplusplus,.github/pull_request_template.md,2026-01-22T11:32:26Z,pr_template,maintainer_review_discretion;process_requirement;restriction_or_ban,valkey-io/valkey,5,4.440402,language_owner_star_prcell,True,True,True,True,C,C,Organization,Organization,5000-inf,5000-inf,1000-2999,1000-2999,6498,25673,1667,2396,956,1007,5.0,9.0,2540,780
FTE085,FCR-0125,metabrainz/listenbrainz-server,.github/CONTRIBUTING.md,2026-01-22T14:03:18Z,contributing_guide,disclosure;human_responsibility;restriction_or_ban,mozilla/addons-server,1,3.973599,language_owner,True,True,True,False,Python,Python,Organization,Organization,200-999,200-999,3000-9999,10000+,946,896,3696,17059,0,0,2.0,,3901,4483
FTE085,FCR-0125,metabrainz/listenbrainz-server,.github/CONTRIBUTING.md,2026-01-22T14:03:18Z,contributing_guide,disclosure;human_responsibility;restriction_or_ban,aio-libs/janus,2,4.195089,language_owner,True,True,True,False,Python,Python,Organization,Organization,200-999,200-999,3000-9999,0500-0999,946,960,3696,805,0,43,2.0,2.0,3901,3990
FTE085,FCR-0125,metabrainz/listenbrainz-server,.github/CONTRIBUTING.md,2026-01-22T14:03:18Z,contributing_guide,disclosure;human_responsibility;restriction_or_ban,home-assistant-libs/pytradfri,3,4.609148,language_owner,True,True,True,False,Python,Python,Organization,Organization,200-999,200-999,3000-9999,1000-2999,946,962,3696,1003,0,165,2.0,2.0,3901,3318
FTE085,FCR-0125,metabrainz/listenbrainz-server,.github/CONTRIBUTING.md,2026-01-22T14:03:18Z,contributing_guide,disclosure;human_responsibility;restriction_or_ban,neuralgcm/neuralgcm,4,4.718009,language_owner,True,True,True,False,Python,Python,Organization,Organization,200-999,200-999,3000-9999,0500-0999,946,969,3696,595,0,92,2.0,2.0,3901,826
FTE085,FCR-0125,metabrainz/listenbrainz-server,.github/CONTRIBUTING.md,2026-01-22T14:03:18Z,contributing_guide,disclosure;human_responsibility;restriction_or_ban,openstates/openstates-scrapers,5,4.731785,language_owner,True,True,True,True,Python,Python,Organization,Organization,200-999,200-999,3000-9999,3000-9999,946,898,3696,4117,0,1512,2.0,2.0,3901,6283
FTE087,FCR-0090,fedify-dev/fedify,CONTRIBUTING.md,2026-01-24T04:12:08Z,contributing_guide,authorship_or_provenance;disclosure;human_responsibility;model_tool_usage_detail,zard-ui/zardui,1,0.326456,language_owner_star_prcell,True,True,True,True,TypeScript,TypeScript,Organization,Organization,200-999,200-999,0100-0499,0100-0499,967,990,294,331,390,260,,,800,432
FTE087,FCR-0090,fedify-dev/fedify,CONTRIBUTING.md,2026-01-24T04:12:08Z,contributing_guide,authorship_or_provenance;disclosure;human_responsibility;model_tool_usage_detail,catppuccin/vscode-icons,2,0.351666,language_owner_star_prcell,True,True,True,True,TypeScript,TypeScript,Organization,Organization,200-999,200-999,0100-0499,0100-0499,967,975,294,379,390,289,,,800,1174
FTE087,FCR-0090,fedify-dev/fedify,CONTRIBUTING.md,2026-01-24T04:12:08Z,contributing_guide,authorship_or_provenance;disclosure;human_responsibility;model_tool_usage_detail,vitest-dev/vscode,3,0.378726,language_owner_star_prcell,True,True,True,True,TypeScript,TypeScript,Organization,Organization,200-999,200-999,0100-0499,0100-0499,967,909,294,248,390,455,,,800,1520
FTE087,FCR-0090,fedify-dev/fedify,CONTRIBUTING.md,2026-01-24T04:12:08Z,contributing_guide,authorship_or_provenance;disclosure;human_responsibility;model_tool_usage_detail,voquill/voquill,4,0.74139,language_owner_star_prcell,True,True,True,True,TypeScript,TypeScript,Organization,Organization,200-999,200-999,0100-0499,0100-0499,967,916,294,317,390,129,,,800,230
FTE087,FCR-0090,fedify-dev/fedify,CONTRIBUTING.md,2026-01-24T04:12:08Z,contributing_guide,authorship_or_provenance;disclosure;human_responsibility;model_tool_usage_detail,tailscale/github-action,5,1.024063,language_owner_star_prcell,True,True,True,True,TypeScript,TypeScript,Organization,Organization,200-999,200-999,0100-0499,0100-0499,967,892,294,161,390,128,,,800,1845
FTE089,FCR-0105,i3/i3,.github/CONTRIBUTING.md,2026-01-26T19:31:48Z,contributing_guide,authorship_or_provenance;disclosure;human_responsibility;restriction_or_ban,libvips/libvips,1,0.688328,language_owner_star_prcell,True,True,True,True,C,C,Organization,Organization,5000-inf,5000-inf,1000-2999,1000-2999,10453,11281,1423,1446,3778,2524,,,4114,5585
FTE089,FCR-0105,i3/i3,.github/CONTRIBUTING.md,2026-01-26T19:31:48Z,contributing_guide,authorship_or_provenance;disclosure;human_responsibility;restriction_or_ban,meetecho/janus-gateway,2,0.716507,language_owner_star_prcell,True,True,True,True,C,C,Organization,Organization,5000-inf,5000-inf,1000-2999,1000-2999,10453,9081,1423,1637,3778,1992,,,4114,4472
FTE089,FCR-0105,i3/i3,.github/CONTRIBUTING.md,2026-01-26T19:31:48Z,contributing_guide,authorship_or_provenance;disclosure;human_responsibility;restriction_or_ban,nmap/nmap,3,0.918526,language_owner_star_prcell,True,True,True,True,C,C,Organization,Organization,5000-inf,5000-inf,1000-2999,1000-2999,10453,12841,1423,1003,3778,1995,,,4114,5176
FTE089,FCR-0105,i3/i3,.github/CONTRIBUTING.md,2026-01-26T19:31:48Z,contributing_guide,authorship_or_provenance;disclosure;human_responsibility;restriction_or_ban,espressif/esp-idf,4,1.526556,language_owner_star_prcell,True,True,True,True,C,C,Organization,Organization,5000-inf,5000-inf,1000-2999,1000-2999,10453,17974,1423,2251,3778,14893,,,4114,3554
FTE089,FCR-0105,i3/i3,.github/CONTRIBUTING.md,2026-01-26T19:31:48Z,contributing_guide,authorship_or_provenance;disclosure;human_responsibility;restriction_or_ban,sparklemotion/nokogiri,5,7.503149,language_owner_star_prcell,True,True,True,True,C,C,Organization,Organization,5000-inf,5000-inf,1000-2999,1000-2999,10453,6251,1423,1427,3778,2056,,7.0,4114,6510
FTE090,FCR-0031,DeepSourceCorp/good-first-issue,CONTRIBUTING.md,2026-01-27T02:55:17Z,contributing_guide,disclosure;human_responsibility;restriction_or_ban,anthropics/anthropic-sdk-python,1,0.755751,language_owner_star_prcell,True,True,True,True,Python,Python,Organization,Organization,1000-4999,1000-4999,1000-2999,1000-2999,3300,3366,1071,1040,182,390,3.0,3.0,2292,1210
FTE090,FCR-0031,DeepSourceCorp/good-first-issue,CONTRIBUTING.md,2026-01-27T02:55:17Z,contributing_guide,disclosure;human_responsibility;restriction_or_ban,pydantic/logfire,2,1.303739,language_owner_star_prcell,True,True,True,True,Python,Python,Organization,Organization,1000-4999,1000-4999,1000-2999,1000-2999,3300,4218,1071,1326,182,561,3.0,3.0,2292,748
FTE090,FCR-0031,DeepSourceCorp/good-first-issue,CONTRIBUTING.md,2026-01-27T02:55:17Z,contributing_guide,disclosure;human_responsibility;restriction_or_ban,allenai/open-instruct,3,1.307821,language_owner_star_prcell,True,True,True,True,Python,Python,Organization,Organization,1000-4999,1000-4999,1000-2999,1000-2999,3300,3712,1071,1389,182,262,3.0,2.0,2292,1067
FTE090,FCR-0031,DeepSourceCorp/good-first-issue,CONTRIBUTING.md,2026-01-27T02:55:17Z,contributing_guide,disclosure;human_responsibility;restriction_or_ban,volatilityfoundation/volatility3,4,1.365697,language_owner_star_prcell,True,True,True,True,Python,Python,Organization,Organization,1000-4999,1000-4999,1000-2999,1000-2999,3300,4102,1071,1212,182,760,3.0,3.0,2292,4488
FTE090,FCR-0031,DeepSourceCorp/good-first-issue,CONTRIBUTING.md,2026-01-27T02:55:17Z,contributing_guide,disclosure;human_responsibility;restriction_or_ban,shapely/shapely,5,2.114158,language_owner_star_prcell,True,True,True,True,Python,Python,Organization,Organization,1000-4999,1000-4999,1000-2999,1000-2999,3300,4431,1071,1044,182,1302,3.0,4.0,2292,5245
FTE091,FCR-0126,mgba-emu/mgba,CONTRIBUTING.md,2026-01-30T00:09:32Z,contributing_guide,restriction_or_ban,veracrypt/VeraCrypt,1,0.667685,language_owner_star_prcell,True,True,True,True,C,C,Organization,Organization,5000-inf,5000-inf,0100-0499,0100-0499,7013,9739,485,468,3229,1221,,,4171,4202
FTE091,FCR-0126,mgba-emu/mgba,CONTRIBUTING.md,2026-01-30T00:09:32Z,contributing_guide,restriction_or_ban,sumatrapdfreader/sumatrapdf,2,0.974061,language_owner_star_prcell,True,True,True,True,C,C,Organization,Organization,5000-inf,5000-inf,0100-0499,0100-0499,7013,16619,485,278,3229,3960,,,4171,4969
FTE091,FCR-0126,mgba-emu/mgba,CONTRIBUTING.md,2026-01-30T00:09:32Z,contributing_guide,restriction_or_ban,microsoft/mimalloc,3,1.203642,language_owner_star_prcell,True,True,True,True,C,C,Organization,Organization,5000-inf,5000-inf,0100-0499,0100-0499,7013,12775,485,448,3229,836,,,4171,2518
FTE091,FCR-0126,mgba-emu/mgba,CONTRIBUTING.md,2026-01-30T00:09:32Z,contributing_guide,restriction_or_ban,immortalwrt/immortalwrt,4,1.220245,language_owner_star_prcell,True,True,True,True,C,C,Organization,Organization,5000-inf,5000-inf,0100-0499,0100-0499,7013,10717,485,458,3229,1069,,,4171,2454
FTE091,FCR-0126,mgba-emu/mgba,CONTRIBUTING.md,2026-01-30T00:09:32Z,contributing_guide,restriction_or_ban,OpenVPN/openvpn,5,1.402854,language_owner_star_prcell,True,True,True,True,C,C,Organization,Organization,5000-inf,5000-inf,0100-0499,0100-0499,7013,13767,485,317,3229,635,,,4171,5128
FTE092,FCR-0080,commitizen-tools/commitizen,.github/pull_request_template.md,2026-01-31T04:07:30Z,pr_template,disclosure;process_requirement,shapely/shapely,1,1.093429,language_owner_star_prcell,True,True,True,True,Python,Python,Organization,Organization,1000-4999,1000-4999,1000-2999,1000-2999,3406,4431,1274,1044,625,1302,4.0,4.0,3138,5245
FTE092,FCR-0080,commitizen-tools/commitizen,.github/pull_request_template.md,2026-01-31T04:07:30Z,pr_template,disclosure;process_requirement,gptme/gptme,2,1.42838,language_owner_star_prcell,True,True,True,True,Python,Python,Organization,Organization,1000-4999,1000-4999,1000-2999,1000-2999,3406,4289,1274,1821,625,492,4.0,3.0,3138,1144
FTE092,FCR-0080,commitizen-tools/commitizen,.github/pull_request_template.md,2026-01-31T04:07:30Z,pr_template,disclosure;process_requirement,google/timesketch,3,1.440664,language_owner_star_prcell,True,True,True,True,Python,Python,Organization,Organization,1000-4999,1000-4999,1000-2999,1000-2999,3406,3321,1274,2269,625,1448,4.0,5.0,3138,4344
FTE092,FCR-0080,commitizen-tools/commitizen,.github/pull_request_template.md,2026-01-31T04:07:30Z,pr_template,disclosure;process_requirement,NVIDIA/TransformerEngine,4,1.468464,language_owner_star_prcell,True,True,True,True,Python,Python,Organization,Organization,1000-4999,1000-4999,1000-2999,1000-2999,3406,3317,1274,2238,625,697,4.0,5.0,3138,1329
FTE092,FCR-0080,commitizen-tools/commitizen,.github/pull_request_template.md,2026-01-31T04:07:30Z,pr_template,disclosure;process_requirement,pydantic/logfire,5,1.501005,language_owner_star_prcell,True,True,True,True,Python,Python,Organization,Organization,1000-4999,1000-4999,1000-2999,1000-2999,3406,4218,1274,1326,625,561,4.0,3.0,3138,748
FTE093,FCR-0204,dunst-project/dunst,.github/pull_request_template.md,2026-02-01T00:14:20Z,pr_template,disclosure;process_requirement,Cisco-Talos/clamav,1,1.215027,language_owner_star_prcell,True,True,True,True,C,C,Organization,Organization,5000-inf,5000-inf,0500-0999,0500-0999,5466,6587,561,859,940,856,4.0,5.0,5360,5043
FTE093,FCR-0204,dunst-project/dunst,.github/pull_request_template.md,2026-02-01T00:14:20Z,pr_template,disclosure;process_requirement,Netflix/vmaf,2,1.437312,language_owner_star_prcell,True,True,True,True,C,C,Organization,Organization,5000-inf,5000-inf,0500-0999,0500-0999,5466,5339,561,931,940,586,4.0,3.0,5360,3745
FTE093,FCR-0204,dunst-project/dunst,.github/pull_request_template.md,2026-02-01T00:14:20Z,pr_template,disclosure;process_requirement,libfuse/libfuse,3,1.452132,language_owner_star_prcell,True,True,True,True,C,C,Organization,Organization,5000-inf,5000-inf,0500-0999,0500-0999,5466,6026,561,812,940,594,4.0,5.0,5360,3796
FTE093,FCR-0204,dunst-project/dunst,.github/pull_request_template.md,2026-02-01T00:14:20Z,pr_template,disclosure;process_requirement,stlink-org/stlink,4,2.203026,language_owner_star_prcell,True,True,True,True,C,C,Organization,Organization,5000-inf,5000-inf,0500-0999,0500-0999,5466,5045,561,617,940,785,4.0,6.0,5360,5596
FTE093,FCR-0204,dunst-project/dunst,.github/pull_request_template.md,2026-02-01T00:14:20Z,pr_template,disclosure;process_requirement,uber/h3,5,2.412406,language_owner_star_prcell,True,True,True,True,C,C,Organization,Organization,5000-inf,5000-inf,0500-0999,0500-0999,5466,6212,561,654,940,404,4.0,2.0,5360,3063
FTE094,FCR-0330,AnalogJ/scrutiny,AI_POLICY.md,2026-02-02T05:48:33Z,standalone_ai_policy,disclosure;human_responsibility;maintainer_review_discretion;model_tool_usage_detail;restriction_or_ban;verification_testing,garethgeorge/backrest,1,0.595503,language_owner_star_prcell,True,True,True,True,Go,Go,User,User,5000-inf,5000-inf,0100-0499,0100-0499,7738,6224,258,297,679,663,,,2088,913
FTE094,FCR-0330,AnalogJ/scrutiny,AI_POLICY.md,2026-02-02T05:48:33Z,standalone_ai_policy,disclosure;human_responsibility;maintainer_review_discretion;model_tool_usage_detail;restriction_or_ban;verification_testing,tulir/whatsmeow,2,0.654999,language_owner_star_prcell,True,True,True,True,Go,Go,User,User,5000-inf,5000-inf,0100-0499,0100-0499,7738,6082,258,241,679,607,,,2088,1678
FTE094,FCR-0330,AnalogJ/scrutiny,AI_POLICY.md,2026-02-02T05:48:33Z,standalone_ai_policy,disclosure;human_responsibility;maintainer_review_discretion;model_tool_usage_detail;restriction_or_ban;verification_testing,boyter/scc,3,0.667433,language_owner_star_prcell,True,True,True,True,Go,Go,User,User,5000-inf,5000-inf,0100-0499,0100-0499,7738,8363,258,346,679,332,,,2088,2993
FTE094,FCR-0330,AnalogJ/scrutiny,AI_POLICY.md,2026-02-02T05:48:33Z,standalone_ai_policy,disclosure;human_responsibility;maintainer_review_discretion;model_tool_usage_detail;restriction_or_ban;verification_testing,AlexxIT/go2rtc,4,1.075673,language_owner_star_prcell,True,True,True,True,Go,Go,User,User,5000-inf,5000-inf,0100-0499,0100-0499,7738,12949,258,354,679,1868,,,2088,1362
FTE094,FCR-0330,AnalogJ/scrutiny,AI_POLICY.md,2026-02-02T05:48:33Z,standalone_ai_policy,disclosure;human_responsibility;maintainer_review_discretion;model_tool_usage_detail;restriction_or_ban;verification_testing,h2non/imaginary,5,1.159222,language_owner_star_prcell,True,True,True,True,Go,Go,User,User,5000-inf,5000-inf,0100-0499,0100-0499,7738,6048,258,165,679,286,,0.0,2088,4086
FTE095,FCR-0068,autobrr/netronome,.github/pull_request_template.md,2026-02-03T09:03:51Z,pr_template,human_responsibility;process_requirement,MultiboxLabs/flow-browser,1,0.222147,language_owner_star_prcell,True,True,True,True,TypeScript,TypeScript,Organization,Organization,200-999,200-999,0100-0499,0100-0499,903,965,167,184,56,75,,,534,421
FTE095,FCR-0068,autobrr/netronome,.github/pull_request_template.md,2026-02-03T09:03:51Z,pr_template,human_responsibility;process_requirement,brave/brave-search-mcp-server,2,0.585329,language_owner_star_prcell,True,True,True,True,TypeScript,TypeScript,Organization,Organization,200-999,200-999,0100-0499,0100-0499,903,983,167,244,56,42,,,534,333
FTE095,FCR-0068,autobrr/netronome,.github/pull_request_template.md,2026-02-03T09:03:51Z,pr_template,human_responsibility;process_requirement,code-forge-io/react-router-devtools,3,0.598891,language_owner_star_prcell,True,True,True,True,TypeScript,TypeScript,Organization,Organization,200-999,200-999,0100-0499,0100-0499,903,966,167,120,56,115,,,534,1050
FTE095,FCR-0068,autobrr/netronome,.github/pull_request_template.md,2026-02-03T09:03:51Z,pr_template,human_responsibility;process_requirement,kurrier-org/kurrier,4,0.807549,language_owner_star_prcell,True,True,True,True,TypeScript,TypeScript,Organization,Organization,200-999,200-999,0100-0499,0100-0499,903,939,167,250,56,169,,,534,250
FTE095,FCR-0068,autobrr/netronome,.github/pull_request_template.md,2026-02-03T09:03:51Z,pr_template,human_responsibility;process_requirement,voquill/voquill,5,0.848216,language_owner_star_prcell,True,True,True,True,TypeScript,TypeScript,Organization,Organization,200-999,200-999,0100-0499,0100-0499,903,916,167,317,56,129,,,534,230
FTE097,FCR-0243,axllent/mailpit,CONTRIBUTING.md,2026-02-05T04:05:12Z,contributing_guide,restriction_or_ban,garethgeorge/backrest,1,0.557587,language_owner_star_prcell,True,True,True,True,Go,Go,User,User,5000-inf,5000-inf,0100-0499,0100-0499,9332,6224,255,297,413,663,,,1382,913
FTE097,FCR-0243,axllent/mailpit,CONTRIBUTING.md,2026-02-05T04:05:12Z,contributing_guide,restriction_or_ban,TomWright/dasel,2,0.612693,language_owner_star_prcell,True,True,True,True,Go,Go,User,User,5000-inf,5000-inf,0100-0499,0100-0499,9332,7923,255,224,413,204,,,1382,2057
FTE097,FCR-0243,axllent/mailpit,CONTRIBUTING.md,2026-02-05T04:05:12Z,contributing_guide,restriction_or_ban,tulir/whatsmeow,3,0.707697,language_owner_star_prcell,True,True,True,True,Go,Go,User,User,5000-inf,5000-inf,0100-0499,0100-0499,9332,6082,255,241,413,607,,,1382,1678
FTE097,FCR-0243,axllent/mailpit,CONTRIBUTING.md,2026-02-05T04:05:12Z,contributing_guide,restriction_or_ban,simulot/immich-go,4,0.764976,language_owner_star_prcell,True,True,True,True,Go,Go,User,User,5000-inf,5000-inf,0100-0499,0100-0499,9332,6115,255,470,413,667,,,1382,1025
FTE097,FCR-0243,axllent/mailpit,CONTRIBUTING.md,2026-02-05T04:05:12Z,contributing_guide,restriction_or_ban,ViRb3/wgcf,5,0.855157,language_owner_star_prcell,True,True,True,True,Go,Go,User,User,5000-inf,5000-inf,0100-0499,0100-0499,9332,8244,255,378,413,203,,,1382,2219
FTE099,FCR-0150,scikit-hep/awkward,CONTRIBUTING.md,2026-02-05T15:23:07Z,contributing_guide,disclosure;human_responsibility;restriction_or_ban,AppDaemon/appdaemon,1,0.876406,language_owner_star_prcell,True,True,True,True,Python,Python,Organization,Organization,200-999,200-999,1000-2999,1000-2999,958,955,2497,1617,1178,990,4.0,4.0,2462,3589
FTE099,FCR-0150,scikit-hep/awkward,CONTRIBUTING.md,2026-02-05T15:23:07Z,contributing_guide,disclosure;human_responsibility;restriction_or_ban,Arize-ai/openinference,2,1.31368,language_owner_star_prcell,True,True,True,True,Python,Python,Organization,Organization,200-999,200-999,1000-2999,1000-2999,958,951,2497,2114,1178,929,4.0,5.0,2462,867
FTE099,FCR-0150,scikit-hep/awkward,CONTRIBUTING.md,2026-02-05T15:23:07Z,contributing_guide,disclosure;human_responsibility;restriction_or_ban,secureblue/secureblue,3,1.391868,language_owner_star_prcell,True,True,True,True,Python,Python,Organization,Organization,200-999,200-999,1000-2999,1000-2999,958,941,2497,1362,1178,828,4.0,3.0,2462,982
FTE099,FCR-0150,scikit-hep/awkward,CONTRIBUTING.md,2026-02-05T15:23:07Z,contributing_guide,disclosure;human_responsibility;restriction_or_ban,mindspore-lab/mindnlp,4,2.268153,language_owner_star_prcell,True,True,True,True,Python,Python,Organization,Organization,200-999,200-999,1000-2999,1000-2999,958,918,2497,2164,1178,523,4.0,2.0,2462,1326
FTE099,FCR-0150,scikit-hep/awkward,CONTRIBUTING.md,2026-02-05T15:23:07Z,contributing_guide,disclosure;human_responsibility;restriction_or_ban,DataBiosphere/toil,5,2.336027,language_owner_star_prcell,True,True,True,True,Python,Python,Organization,Organization,200-999,200-999,1000-2999,1000-2999,958,929,2497,2352,1178,3160,4.0,6.0,2462,4060
FTE101,FCR-0324,GoXLR-on-Linux/goxlr-utility,AI_POLICY.md,2026-02-08T22:12:20Z,standalone_ai_policy,authorship_or_provenance;disclosure;human_responsibility;maintainer_review_discretion;restriction_or_ban,r-lib/rig,1,0.607497,language_owner_star_prcell,True,True,True,True,Rust,Rust,Organization,Organization,200-999,200-999,0000-0099,0000-0099,966,926,99,64,151,269,,,1589,1644
FTE101,FCR-0324,GoXLR-on-Linux/goxlr-utility,AI_POLICY.md,2026-02-08T22:12:20Z,standalone_ai_policy,authorship_or_provenance;disclosure;human_responsibility;maintainer_review_discretion;restriction_or_ban,git-bahn/git-graph,2,0.638391,language_owner_star_prcell,True,True,True,True,Rust,Rust,Organization,Organization,200-999,200-999,0000-0099,0000-0099,966,914,99,72,151,67,,,1589,1981
FTE101,FCR-0324,GoXLR-on-Linux/goxlr-utility,AI_POLICY.md,2026-02-08T22:12:20Z,standalone_ai_policy,authorship_or_provenance;disclosure;human_responsibility;maintainer_review_discretion;restriction_or_ban,lichess-org/fishnet,3,0.983852,language_owner_star_prcell,True,True,True,True,Rust,Rust,Organization,Organization,200-999,200-999,0000-0099,0000-0099,966,895,99,84,151,182,,,1589,3714
FTE101,FCR-0324,GoXLR-on-Linux/goxlr-utility,AI_POLICY.md,2026-02-08T22:12:20Z,standalone_ai_policy,authorship_or_provenance;disclosure;human_responsibility;maintainer_review_discretion;restriction_or_ban,ImageOptim/libimagequant,4,1.220493,language_owner_star_prcell,True,True,True,True,Rust,Rust,Organization,Organization,200-999,200-999,0000-0099,0000-0099,966,908,99,52,151,64,,,1589,3476
FTE101,FCR-0324,GoXLR-on-Linux/goxlr-utility,AI_POLICY.md,2026-02-08T22:12:20Z,standalone_ai_policy,authorship_or_provenance;disclosure;human_responsibility;maintainer_review_discretion;restriction_or_ban,ravendevteam/alternet,5,1.744995,language_owner_star_prcell,True,True,True,True,Rust,Rust,Organization,Organization,200-999,200-999,0000-0099,0000-0099,966,964,99,18,151,86,,,1589,276
FTE102,FCR-0256,metabrainz/picard,.github/PULL_REQUEST_TEMPLATE.md,2026-02-09T18:11:58Z,pr_template,disclosure;model_tool_usage_detail;process_requirement,getzep/zep,1,4.077732,language_owner,True,True,True,False,Python,Python,Organization,Organization,1000-4999,1000-4999,3000-9999,0100-0499,4837,4526,3140,378,0,0,5.0,5.0,5382,1108
FTE102,FCR-0256,metabrainz/picard,.github/PULL_REQUEST_TEMPLATE.md,2026-02-09T18:11:58Z,pr_template,disclosure;model_tool_usage_detail;process_requirement,intuitem/ciso-assistant-community,2,4.571329,language_owner,True,True,True,True,Python,Python,Organization,Organization,1000-4999,1000-4999,3000-9999,3000-9999,4837,4012,3140,3208,0,719,5.0,5.0,5382,964
FTE102,FCR-0256,metabrainz/picard,.github/PULL_REQUEST_TEMPLATE.md,2026-02-09T18:11:58Z,pr_template,disclosure;model_tool_usage_detail;process_requirement,ansible/ansible-lint,3,4.634942,language_owner,True,True,True,True,Python,Python,Organization,Organization,1000-4999,1000-4999,3000-9999,3000-9999,4837,3859,3140,3052,0,1518,5.0,5.0,5382,4653
FTE102,FCR-0256,metabrainz/picard,.github/PULL_REQUEST_TEMPLATE.md,2026-02-09T18:11:58Z,pr_template,disclosure;model_tool_usage_detail;process_requirement,dry-python/returns,4,5.055259,language_owner,True,True,True,False,Python,Python,Organization,Organization,1000-4999,1000-4999,3000-9999,1000-2999,4837,4277,3140,1957,0,436,5.0,5.0,5382,2662
FTE102,FCR-0256,metabrainz/picard,.github/PULL_REQUEST_TEMPLATE.md,2026-02-09T18:11:58Z,pr_template,disclosure;model_tool_usage_detail;process_requirement,Kinto/kinto,5,5.193753,language_owner,True,True,True,False,Python,Python,Organization,Organization,1000-4999,1000-4999,3000-9999,1000-2999,4837,4418,3140,2913,0,786,5.0,5.0,5382,4093
FTE103,FCR-0287,purpleidea/mgmt,docs/contributing.md,2026-02-09T21:02:33Z,contributing_guide,disclosure;human_responsibility;restriction_or_ban,databus23/helm-diff,1,1.101581,language_owner,True,True,True,True,Go,Go,User,User,1000-4999,1000-4999,0500-0999,0500-0999,4241,3415,593,623,312,368,4.0,3.0,3881,3357
FTE103,FCR-0287,purpleidea/mgmt,docs/contributing.md,2026-02-09T21:02:33Z,contributing_guide,disclosure;human_responsibility;restriction_or_ban,alexellis/arkade,2,1.325211,language_owner,True,True,True,True,Go,Go,User,User,1000-4999,1000-4999,0500-0999,0500-0999,4241,4578,593,763,312,490,4.0,5.0,3881,2266
FTE103,FCR-0287,purpleidea/mgmt,docs/contributing.md,2026-02-09T21:02:33Z,contributing_guide,disclosure;human_responsibility;restriction_or_ban,hahwul/dalfox,3,3.269927,language_owner,True,True,True,True,Go,Go,User,User,1000-4999,1000-4999,0500-0999,0500-0999,4241,4961,593,509,312,386,4.0,7.0,3881,2220
FTE103,FCR-0287,purpleidea/mgmt,docs/contributing.md,2026-02-09T21:02:33Z,contributing_guide,disclosure;human_responsibility;restriction_or_ban,muety/wakapi,4,3.463981,language_owner,True,True,True,False,Go,Go,User,User,1000-4999,1000-4999,0500-0999,0100-0499,4241,4298,593,183,312,691,4.0,3.0,3881,2547
FTE103,FCR-0287,purpleidea/mgmt,docs/contributing.md,2026-02-09T21:02:33Z,contributing_guide,disclosure;human_responsibility;restriction_or_ban,aldinokemal/go-whatsapp-web-multidevice,5,3.49583,language_owner,True,True,True,False,Go,Go,User,User,1000-4999,1000-4999,0500-0999,0100-0499,4241,3888,593,225,312,297,4.0,3.0,3881,1552
FTE104,FCR-0112,joshuadavidthomas/django-language-server,CONTRIBUTING.md,2026-02-13T08:31:01Z,contributing_guide,human_responsibility;verification_testing;maintainer_review_discretion,riii111/sabiql,1,0.415514,language_owner_star_prcell,True,True,True,True,Rust,Rust,User,User,50-199,50-199,0100-0499,0100-0499,181,185,409,281,92,85,,,522,135
FTE104,FCR-0112,joshuadavidthomas/django-language-server,CONTRIBUTING.md,2026-02-13T08:31:01Z,contributing_guide,human_responsibility;verification_testing;maintainer_review_discretion,nick42d/youtui,2,0.590041,language_owner_star_prcell,True,True,True,True,Rust,Rust,User,User,50-199,50-199,0100-0499,0100-0499,181,179,409,245,92,115,,,522,945
FTE104,FCR-0112,joshuadavidthomas/django-language-server,CONTRIBUTING.md,2026-02-13T08:31:01Z,contributing_guide,human_responsibility;verification_testing;maintainer_review_discretion,akiradeveloper/sorock,3,0.870698,language_owner_star_prcell,True,True,True,True,Rust,Rust,User,User,50-199,50-199,0100-0499,0100-0499,181,198,409,353,92,139,,,522,2067
FTE104,FCR-0112,joshuadavidthomas/django-language-server,CONTRIBUTING.md,2026-02-13T08:31:01Z,contributing_guide,human_responsibility;verification_testing;maintainer_review_discretion,guoqingbao/vllm.rs,4,1.16757,language_owner_star_prcell,True,True,True,True,Rust,Rust,User,User,50-199,50-199,0100-0499,0100-0499,181,195,409,155,92,181,,,522,326
FTE104,FCR-0112,joshuadavidthomas/django-language-server,CONTRIBUTING.md,2026-02-13T08:31:01Z,contributing_guide,human_responsibility;verification_testing;maintainer_review_discretion,dgunzy/flux9s,5,1.371574,language_owner_star_prcell,True,True,True,True,Rust,Rust,User,User,50-199,50-199,0100-0499,0100-0499,181,191,409,133,92,30,,,522,182
FTE105,FCR-0139,pop-os/libcosmic,.github/PULL_REQUEST_TEMPLATE.md,2026-02-13T19:36:03Z,pr_template,disclosure;human_responsibility;process_requirement;restriction_or_ban,topiary/topiary,1,0.541663,language_owner_star_prcell,True,True,True,True,Rust,Rust,Organization,Organization,200-999,200-999,0500-0999,0500-0999,857,823,902,757,357,451,,,1640,1438
FTE105,FCR-0139,pop-os/libcosmic,.github/PULL_REQUEST_TEMPLATE.md,2026-02-13T19:36:03Z,pr_template,disclosure;human_responsibility;process_requirement;restriction_or_ban,duckdb/duckdb-rs,2,0.63404,language_owner_star_prcell,True,True,True,True,Rust,Rust,Organization,Organization,200-999,200-999,0500-0999,0500-0999,857,902,902,502,357,248,,,1640,1799
FTE105,FCR-0139,pop-os/libcosmic,.github/PULL_REQUEST_TEMPLATE.md,2026-02-13T19:36:03Z,pr_template,disclosure;human_responsibility;process_requirement;restriction_or_ban,ki-editor/ki-editor,3,0.63819,language_owner_star_prcell,True,True,True,True,Rust,Rust,Organization,Organization,200-999,200-999,0500-0999,0500-0999,857,922,902,796,357,758,,,1640,1133
FTE105,FCR-0139,pop-os/libcosmic,.github/PULL_REQUEST_TEMPLATE.md,2026-02-13T19:36:03Z,pr_template,disclosure;human_responsibility;process_requirement;restriction_or_ban,winnow-rs/winnow,4,0.689381,language_owner_star_prcell,True,True,True,True,Rust,Rust,Organization,Organization,200-999,200-999,0500-0999,0500-0999,857,889,902,585,357,179,,,1640,1308
FTE105,FCR-0139,pop-os/libcosmic,.github/PULL_REQUEST_TEMPLATE.md,2026-02-13T19:36:03Z,pr_template,disclosure;human_responsibility;process_requirement;restriction_or_ban,gimli-rs/object,5,0.933241,language_owner_star_prcell,True,True,True,True,Rust,Rust,Organization,Organization,200-999,200-999,0500-0999,0500-0999,857,819,902,651,357,231,,,1640,3552
FTE108,FCR-0348,jackc/pgx,CONTRIBUTING.md,2026-02-15T03:43:31Z,contributing_guide,disclosure;human_responsibility;maintainer_review_discretion;model_tool_usage_detail,onsi/ginkgo,1,0.516333,language_owner,True,True,True,True,Go,Go,User,User,5000-inf,5000-inf,0500-0999,0500-0999,13774,8990,706,708,1604,914,,,4790,4644
FTE108,FCR-0348,jackc/pgx,CONTRIBUTING.md,2026-02-15T03:43:31Z,contributing_guide,disclosure;human_responsibility;maintainer_review_discretion;model_tool_usage_detail,gokcehan/lf,2,0.850562,language_owner,True,True,True,True,Go,Go,User,User,5000-inf,5000-inf,0500-0999,0500-0999,13774,9259,706,983,1604,1305,,,4790,3558
FTE108,FCR-0348,jackc/pgx,CONTRIBUTING.md,2026-02-15T03:43:31Z,contributing_guide,disclosure;human_responsibility;maintainer_review_discretion;model_tool_usage_detail,evanw/esbuild,3,1.148346,language_owner,True,True,True,True,Go,Go,User,User,5000-inf,5000-inf,0500-0999,0500-0999,13774,39876,706,513,1604,3885,,,4790,3618
FTE108,FCR-0348,jackc/pgx,CONTRIBUTING.md,2026-02-15T03:43:31Z,contributing_guide,disclosure;human_responsibility;maintainer_review_discretion;model_tool_usage_detail,TwiN/gatus,4,1.178733,language_owner,True,True,True,True,Go,Go,User,User,5000-inf,5000-inf,0500-0999,0500-0999,13774,10876,706,829,1604,697,,,4790,2441
FTE108,FCR-0348,jackc/pgx,CONTRIBUTING.md,2026-02-15T03:43:31Z,contributing_guide,disclosure;human_responsibility;maintainer_review_discretion;model_tool_usage_detail,binwiederhier/ntfy,5,1.525769,language_owner,True,True,True,True,Go,Go,User,User,5000-inf,5000-inf,0500-0999,0500-0999,13774,30082,706,503,1604,1202,,,4790,1661
FTE109,FCR-0008,TecharoHQ/anubis,CONTRIBUTING.md,2026-02-15T13:19:12Z,contributing_guide,authorship_or_provenance;process_requirement,apache/answer,1,0.568442,language_owner_star_prcell,True,True,True,True,Go,Go,Organization,Organization,5000-inf,5000-inf,0500-0999,0500-0999,19081,15496,796,763,593,691,,,420,1320
FTE109,FCR-0008,TecharoHQ/anubis,CONTRIBUTING.md,2026-02-15T13:19:12Z,contributing_guide,authorship_or_provenance;process_requirement,charmbracelet/gum,2,0.625534,language_owner_star_prcell,True,True,True,True,Go,Go,Organization,Organization,5000-inf,5000-inf,0500-0999,0500-0999,19081,23575,796,539,593,459,,,420,1431
FTE109,FCR-0008,TecharoHQ/anubis,CONTRIBUTING.md,2026-02-15T13:19:12Z,contributing_guide,authorship_or_provenance;process_requirement,sysadminsmedia/homebox,3,0.98762,language_owner_star_prcell,True,True,True,True,Go,Go,Organization,Organization,5000-inf,5000-inf,0500-0999,0500-0999,19081,6065,796,514,593,570,,,420,693
FTE109,FCR-0008,TecharoHQ/anubis,CONTRIBUTING.md,2026-02-15T13:19:12Z,contributing_guide,authorship_or_provenance;process_requirement,evilmartians/lefthook,4,1.219882,language_owner_star_prcell,True,True,True,True,Go,Go,Organization,Organization,5000-inf,5000-inf,0500-0999,0500-0999,19081,8157,796,786,593,493,,,420,2652
FTE109,FCR-0008,TecharoHQ/anubis,CONTRIBUTING.md,2026-02-15T13:19:12Z,contributing_guide,authorship_or_provenance;process_requirement,apache/casbin,5,1.393513,language_owner_star_prcell,True,True,True,True,Go,Go,Organization,Organization,5000-inf,5000-inf,0500-0999,0500-0999,19081,20092,796,652,593,938,,,420,3320
FTE112,FCR-0086,dubzzz/fast-check,.github/PULL_REQUEST_TEMPLATE.md,2026-02-19T20:26:38Z,pr_template,human_responsibility;process_requirement,sidorares/node-mysql2,1,3.261513,language_owner,True,True,True,False,TypeScript,TypeScript,User,User,1000-4999,1000-4999,3000-9999,1000-2999,4915,4360,6212,2802,631,1355,,,3115,4772
FTE112,FCR-0086,dubzzz/fast-check,.github/PULL_REQUEST_TEMPLATE.md,2026-02-19T20:26:38Z,pr_template,human_responsibility;process_requirement,thymikee/jest-preset-angular,2,3.325312,language_owner,True,True,False,True,TypeScript,TypeScript,User,User,1000-4999,200-999,3000-9999,3000-9999,4915,916,6212,3282,631,481,,,3115,3329
FTE112,FCR-0086,dubzzz/fast-check,.github/PULL_REQUEST_TEMPLATE.md,2026-02-19T20:26:38Z,pr_template,human_responsibility;process_requirement,fb55/htmlparser2,3,3.366251,language_owner,True,True,True,False,TypeScript,TypeScript,User,User,1000-4999,1000-4999,3000-9999,1000-2999,4915,4762,6212,2101,631,315,,,3115,5371
FTE112,FCR-0086,dubzzz/fast-check,.github/PULL_REQUEST_TEMPLATE.md,2026-02-19T20:26:38Z,pr_template,human_responsibility;process_requirement,firecow/gitlab-ci-local,4,3.444555,language_owner,True,True,True,False,TypeScript,TypeScript,User,User,1000-4999,1000-4999,3000-9999,1000-2999,4915,3879,6212,1132,631,671,,,3115,2319
FTE112,FCR-0086,dubzzz/fast-check,.github/PULL_REQUEST_TEMPLATE.md,2026-02-19T20:26:38Z,pr_template,human_responsibility;process_requirement,breaking-brake/cc-wf-studio,5,4.101448,language_owner,True,True,True,False,TypeScript,TypeScript,User,User,1000-4999,1000-4999,3000-9999,0500-0999,4915,4935,6212,660,631,101,,,3115,191
FTE113,FCR-0156,starfederation/datastar,.github/ISSUE_TEMPLATE/bug-report.yaml,2026-02-20T19:14:18Z,issue_template,disclosure;process_requirement;restriction_or_ban;verification_testing,jetkvm/kvm,1,0.372017,language_owner_star_prcell,True,True,True,True,TypeScript,TypeScript,Organization,Organization,1000-4999,1000-4999,0500-0999,0500-0999,4378,4611,624,754,479,610,,,987,585
FTE113,FCR-0156,starfederation/datastar,.github/ISSUE_TEMPLATE/bug-report.yaml,2026-02-20T19:14:18Z,issue_template,disclosure;process_requirement;restriction_or_ban;verification_testing,scriptscat/scriptcat,2,0.573032,language_owner_star_prcell,True,True,True,True,TypeScript,TypeScript,Organization,Organization,1000-4999,1000-4999,0500-0999,0500-0999,4378,4429,624,572,479,784,,,987,1951
FTE113,FCR-0156,starfederation/datastar,.github/ISSUE_TEMPLATE/bug-report.yaml,2026-02-20T19:14:18Z,issue_template,disclosure;process_requirement;restriction_or_ban;verification_testing,ferdium/ferdium-app,3,0.796564,language_owner_star_prcell,True,True,True,True,TypeScript,TypeScript,Organization,Organization,1000-4999,1000-4999,0500-0999,0500-0999,4378,4243,624,809,479,1489,,,987,1488
FTE113,FCR-0156,starfederation/datastar,.github/ISSUE_TEMPLATE/bug-report.yaml,2026-02-20T19:14:18Z,issue_template,disclosure;process_requirement;restriction_or_ban;verification_testing,searchkit/searchkit,4,1.307931,language_owner_star_prcell,True,True,True,True,TypeScript,TypeScript,Organization,Organization,1000-4999,1000-4999,0500-0999,0500-0999,4378,4859,624,757,479,638,,,987,3826
FTE113,FCR-0156,starfederation/datastar,.github/ISSUE_TEMPLATE/bug-report.yaml,2026-02-20T19:14:18Z,issue_template,disclosure;process_requirement;restriction_or_ban;verification_testing,laudspeaker/laudspeaker,5,1.354374,language_owner_star_prcell,True,True,True,True,TypeScript,TypeScript,Organization,Organization,1000-4999,1000-4999,0500-0999,0500-0999,4378,2591,624,500,479,63,,,987,1313
FTE114,FCR-0037,GreedyBear-Project/GreedyBear,.github/pull_request_template.md,2026-02-21T07:27:31Z,pr_template,human_responsibility;process_requirement;verification_testing,pybop-team/PyBOP,1,0.680311,language_owner_star_prcell,True,True,True,True,Python,Python,Organization,Organization,50-199,50-199,0500-0999,0500-0999,198,196,948,575,348,353,4.0,4.0,1600,1063
FTE114,FCR-0037,GreedyBear-Project/GreedyBear,.github/pull_request_template.md,2026-02-21T07:27:31Z,pr_template,human_responsibility;process_requirement;verification_testing,open5e/open5e-api,2,1.249588,language_owner_star_prcell,True,True,True,True,Python,Python,Organization,Organization,50-199,50-199,0500-0999,0500-0999,198,200,948,586,348,324,4.0,3.0,1600,2669
FTE114,FCR-0037,GreedyBear-Project/GreedyBear,.github/pull_request_template.md,2026-02-21T07:27:31Z,pr_template,human_responsibility;process_requirement;verification_testing,cgwire/zou,3,1.346656,language_owner_star_prcell,True,True,True,True,Python,Python,Organization,Organization,50-199,50-199,0500-0999,0500-0999,198,189,948,864,348,200,4.0,3.0,1600,3334
FTE114,FCR-0037,GreedyBear-Project/GreedyBear,.github/pull_request_template.md,2026-02-21T07:27:31Z,pr_template,human_responsibility;process_requirement;verification_testing,datajoint/datajoint-python,4,1.55001,language_owner_star_prcell,True,True,True,True,Python,Python,Organization,Organization,50-199,50-199,0500-0999,0500-0999,198,192,948,745,348,685,4.0,4.0,1600,4982
FTE114,FCR-0037,GreedyBear-Project/GreedyBear,.github/pull_request_template.md,2026-02-21T07:27:31Z,pr_template,human_responsibility;process_requirement;verification_testing,ME-ICA/tedana,5,2.269248,language_owner_star_prcell,True,True,True,True,Python,Python,Organization,Organization,50-199,50-199,0500-0999,0500-0999,198,183,948,734,348,664,4.0,6.0,1600,3099
FTE115,FCR-0184,Delgan/loguru,CONTRIBUTING.rst,2026-02-22T00:32:28Z,contributing_guide,disclosure;human_responsibility;restriction_or_ban,evilsocket/opensnitch,1,0.467481,language_owner_star_prcell,True,True,True,True,Python,Python,User,User,5000-inf,5000-inf,0100-0499,0100-0499,23857,13595,309,321,1155,908,,,3191,3312
FTE115,FCR-0184,Delgan/loguru,CONTRIBUTING.rst,2026-02-22T00:32:28Z,contributing_guide,disclosure;human_responsibility;restriction_or_ban,serengil/deepface,2,0.755346,language_owner_star_prcell,True,True,True,True,Python,Python,User,User,5000-inf,5000-inf,0100-0499,0100-0499,23857,22689,309,350,1155,1240,,,3191,2284
FTE115,FCR-0184,Delgan/loguru,CONTRIBUTING.rst,2026-02-22T00:32:28Z,contributing_guide,disclosure;human_responsibility;restriction_or_ban,benbusby/whoogle-search,3,0.77779,language_owner_star_prcell,True,True,True,True,Python,Python,User,User,5000-inf,5000-inf,0100-0499,0100-0499,23857,11502,309,405,1155,760,,,3191,2302
FTE115,FCR-0184,Delgan/loguru,CONTRIBUTING.rst,2026-02-22T00:32:28Z,contributing_guide,disclosure;human_responsibility;restriction_or_ban,m-bain/whisperX,4,0.998249,language_owner_star_prcell,True,True,True,True,Python,Python,User,User,5000-inf,5000-inf,0100-0499,0100-0499,23857,21753,309,376,1155,959,,,3191,1249
FTE115,FCR-0184,Delgan/loguru,CONTRIBUTING.rst,2026-02-22T00:32:28Z,contributing_guide,disclosure;human_responsibility;restriction_or_ban,CorentinJ/Real-Time-Voice-Cloning,5,1.529046,language_owner_star_prcell,True,True,True,True,Python,Python,User,User,5000-inf,5000-inf,0100-0499,0100-0499,23857,59725,309,153,1155,1113,,,3191,2542
FTE116,FCR-0003,IBM/sarama,CONTRIBUTING.md,2026-02-25T08:23:28Z,contributing_guide,authorship_or_provenance;human_responsibility,flannel-io/flannel,1,0.576359,language_owner_star_prcell,True,True,True,True,Go,Go,Organization,Organization,5000-inf,5000-inf,1000-2999,1000-2999,12480,9450,2006,1260,1447,1180,,,4693,4323
FTE116,FCR-0003,IBM/sarama,CONTRIBUTING.md,2026-02-25T08:23:28Z,contributing_guide,authorship_or_provenance;human_responsibility,micro/go-micro,2,0.587163,language_owner_star_prcell,True,True,True,True,Go,Go,Organization,Organization,5000-inf,5000-inf,1000-2999,1000-2999,12480,22750,2006,1733,1447,1030,,,4693,4136
FTE116,FCR-0003,IBM/sarama,CONTRIBUTING.md,2026-02-25T08:23:28Z,contributing_guide,authorship_or_provenance;human_responsibility,99designs/gqlgen,3,0.765279,language_owner_star_prcell,True,True,True,True,Go,Go,Organization,Organization,5000-inf,5000-inf,1000-2999,1000-2999,12480,10723,2006,2014,1447,1717,,,4693,3011
FTE116,FCR-0003,IBM/sarama,CONTRIBUTING.md,2026-02-25T08:23:28Z,contributing_guide,authorship_or_provenance;human_responsibility,telepresenceio/telepresence,4,0.919396,language_owner_star_prcell,True,True,True,True,Go,Go,Organization,Organization,5000-inf,5000-inf,1000-2999,1000-2999,12480,7203,2006,2079,1447,2032,,,4693,3364
FTE116,FCR-0003,IBM/sarama,CONTRIBUTING.md,2026-02-25T08:23:28Z,contributing_guide,authorship_or_provenance;human_responsibility,wtfutil/wtf,5,1.080272,language_owner_star_prcell,True,True,True,True,Go,Go,Organization,Organization,5000-inf,5000-inf,1000-2999,1000-2999,12480,16893,2006,1462,1447,579,,,4693,2965
FTE117,FCR-0334,deepset-ai/haystack-core-integrations,SECURITY.md,2026-02-25T10:51:48Z,security_policy,human_responsibility;verification_testing;restriction_or_ban;security_reporting,safe-global/safe-eth-py,1,0.711342,language_owner_star_prcell,True,True,True,True,Python,Python,Organization,Organization,50-199,50-199,1000-2999,1000-2999,194,190,2355,1758,902,694,,,1361,2811
FTE117,FCR-0334,deepset-ai/haystack-core-integrations,SECURITY.md,2026-02-25T10:51:48Z,security_policy,human_responsibility;verification_testing;restriction_or_ban;security_reporting,FlexMeasures/flexmeasures,2,1.001677,language_owner_star_prcell,True,True,True,True,Python,Python,Organization,Organization,50-199,50-199,1000-2999,1000-2999,194,193,2355,1290,902,827,,,1361,1984
FTE117,FCR-0334,deepset-ai/haystack-core-integrations,SECURITY.md,2026-02-25T10:51:48Z,security_policy,human_responsibility;verification_testing;restriction_or_ban;security_reporting,openzim/zimfarm,3,1.419328,language_owner_star_prcell,True,True,True,True,Python,Python,Organization,Organization,50-199,50-199,1000-2999,1000-2999,194,193,2355,1052,902,822,,,1361,3344
FTE117,FCR-0334,deepset-ai/haystack-core-integrations,SECURITY.md,2026-02-25T10:51:48Z,security_policy,human_responsibility;verification_testing;restriction_or_ban;security_reporting,brain-score/vision,4,1.551633,language_owner_star_prcell,True,True,True,True,Python,Python,Organization,Organization,50-199,50-199,1000-2999,1000-2999,194,185,2355,2075,902,291,,1.0,1361,3142
FTE117,FCR-0334,deepset-ai/haystack-core-integrations,SECURITY.md,2026-02-25T10:51:48Z,security_policy,human_responsibility;verification_testing;restriction_or_ban;security_reporting,hydroshare/hydroshare,5,4.56944,language_owner_star_prcell,True,True,True,True,Python,Python,Organization,Organization,50-199,50-199,1000-2999,1000-2999,194,198,2355,2966,902,3338,,4.0,1361,4239
FTE118,FCR-0196,Rapptz/discord.py,.github/CONTRIBUTING.md,2026-02-26T06:33:25Z,contributing_guide,process_requirement;restriction_or_ban,squidfunk/mkdocs-material,1,0.403051,language_owner,True,True,True,True,Python,Python,User,User,5000-inf,5000-inf,3000-9999,3000-9999,16057,26677,3142,3337,3052,2670,,,3916,3756
FTE118,FCR-0196,Rapptz/discord.py,.github/CONTRIBUTING.md,2026-02-26T06:33:25Z,contributing_guide,process_requirement;restriction_or_ban,AUTOMATIC1111/stable-diffusion-webui,2,2.354211,language_owner,True,True,True,True,Python,Python,User,User,5000-inf,5000-inf,3000-9999,3000-9999,16057,162769,3142,3340,3052,7904,,,3916,1358
FTE118,FCR-0196,Rapptz/discord.py,.github/CONTRIBUTING.md,2026-02-26T06:33:25Z,contributing_guide,process_requirement;restriction_or_ban,mwaskom/seaborn,3,3.202313,language_owner,True,True,True,False,Python,Python,User,User,5000-inf,5000-inf,3000-9999,1000-2999,16057,13846,3142,1179,3052,2653,,,3916,5075
FTE118,FCR-0196,Rapptz/discord.py,.github/CONTRIBUTING.md,2026-02-26T06:33:25Z,contributing_guide,process_requirement;restriction_or_ban,Kludex/uvicorn,4,3.291016,language_owner,True,True,True,False,Python,Python,User,User,5000-inf,5000-inf,3000-9999,1000-2999,16057,10642,3142,1672,3052,711,,,3916,3267
FTE118,FCR-0196,Rapptz/discord.py,.github/CONTRIBUTING.md,2026-02-26T06:33:25Z,contributing_guide,process_requirement;restriction_or_ban,dgtlmoon/changedetection.io,5,3.294422,language_owner,True,True,True,False,Python,Python,User,User,5000-inf,5000-inf,3000-9999,1000-2999,16057,31381,3142,1431,3052,1673,,,3916,1930
FTE119,FCR-0074,cactus-compute/cactus,CONTRIBUTING.md,2026-02-26T07:37:20Z,contributing_guide,restriction_or_ban,documentdb/documentdb,1,0.53673,language_owner_star_prcell,True,True,True,True,C,C,Organization,Organization,1000-4999,1000-4999,0100-0499,0100-0499,4705,3292,463,339,152,234,,,383,474
FTE119,FCR-0074,cactus-compute/cactus,CONTRIBUTING.md,2026-02-26T07:37:20Z,contributing_guide,restriction_or_ban,ZSWatch/ZSWatch,2,0.556972,language_owner_star_prcell,True,True,True,True,C,C,Organization,Organization,1000-4999,1000-4999,0100-0499,0100-0499,4705,3223,463,378,152,168,,,383,1353
FTE119,FCR-0074,cactus-compute/cactus,CONTRIBUTING.md,2026-02-26T07:37:20Z,contributing_guide,restriction_or_ban,timescale/pg_textsearch,3,0.940945,language_owner_star_prcell,True,True,True,True,C,C,Organization,Organization,1000-4999,1000-4999,0100-0499,0100-0499,4705,3726,463,267,152,72,,,383,309
FTE119,FCR-0074,cactus-compute/cactus,CONTRIBUTING.md,2026-02-26T07:37:20Z,contributing_guide,restriction_or_ban,mangowm/mango,4,1.20226,language_owner_star_prcell,True,True,True,True,C,C,Organization,Organization,1000-4999,1000-4999,0100-0499,0100-0499,4705,2665,463,232,152,561,,,383,462
FTE119,FCR-0074,cactus-compute/cactus,CONTRIBUTING.md,2026-02-26T07:37:20Z,contributing_guide,restriction_or_ban,zenc-lang/zenc,5,1.429915,language_owner_star_prcell,True,True,True,True,C,C,Organization,Organization,1000-4999,1000-4999,0100-0499,0100-0499,4705,4222,463,115,152,288,,,383,120
FTE120,FCR-0225,royshil/obs-backgroundremoval,CONTRIBUTING.md,2026-02-27T17:48:44Z,contributing_guide,authorship_or_provenance;disclosure;human_responsibility;restriction_or_ban,TokisanGames/Terrain3D,1,0.304844,language_owner_star_prcell,True,True,True,True,C++,C++,User,User,1000-4999,1000-4999,0100-0499,0100-0499,4283,3816,358,354,463,522,,,1852,1205
FTE120,FCR-0225,royshil/obs-backgroundremoval,CONTRIBUTING.md,2026-02-27T17:48:44Z,contributing_guide,authorship_or_provenance;disclosure;human_responsibility;restriction_or_ban,mikke89/RmlUi,2,0.518509,language_owner_star_prcell,True,True,True,True,C++,C++,User,User,1000-4999,1000-4999,0100-0499,0100-0499,4283,4035,358,302,463,488,,,1852,2887
FTE120,FCR-0225,royshil/obs-backgroundremoval,CONTRIBUTING.md,2026-02-27T17:48:44Z,contributing_guide,authorship_or_provenance;disclosure;human_responsibility;restriction_or_ban,zufuliu/notepad4,3,0.830384,language_owner_star_prcell,True,True,True,True,C++,C++,User,User,1000-4999,1000-4999,0100-0499,0100-0499,4283,4612,358,274,463,899,,,1852,3393
FTE120,FCR-0225,royshil/obs-backgroundremoval,CONTRIBUTING.md,2026-02-27T17:48:44Z,contributing_guide,authorship_or_provenance;disclosure;human_responsibility;restriction_or_ban,epasveer/seer,4,0.855365,language_owner_star_prcell,True,True,True,True,C++,C++,User,User,1000-4999,1000-4999,0100-0499,0100-0499,4283,3385,358,184,463,265,,,1852,1713
FTE120,FCR-0225,royshil/obs-backgroundremoval,CONTRIBUTING.md,2026-02-27T17:48:44Z,contributing_guide,authorship_or_provenance;disclosure;human_responsibility;restriction_or_ban,jarro2783/cxxopts,5,1.292164,language_owner_star_prcell,True,True,True,True,C++,C++,User,User,1000-4999,1000-4999,0100-0499,0100-0499,4283,4759,358,189,463,308,,,1852,4238
FTE122,FCR-0071,brave/brave-core,CONTRIBUTING.md,2026-03-01T23:05:43Z,contributing_guide,disclosure;human_responsibility;verification_testing,unicode-org/icu,1,3.702591,language_owner,True,True,True,False,C++,C++,Organization,Organization,1000-4999,1000-4999,10000+,3000-9999,3209,3482,36143,3943,0,0,,,3104,3776
FTE122,FCR-0071,brave/brave-core,CONTRIBUTING.md,2026-03-01T23:05:43Z,contributing_guide,disclosure;human_responsibility;verification_testing,openjdk/jfx,2,4.075452,language_owner,True,True,True,False,C++,C++,Organization,Organization,1000-4999,1000-4999,10000+,1000-2999,3209,3231,36143,2161,0,0,,,3104,2562
FTE122,FCR-0071,brave/brave-core,CONTRIBUTING.md,2026-03-01T23:05:43Z,contributing_guide,disclosure;human_responsibility;verification_testing,openxla/xla,3,4.126316,language_owner,True,True,True,True,C++,C++,Organization,Organization,1000-4999,1000-4999,10000+,10000+,3209,4246,36143,41394,0,613,,,3104,1371
FTE122,FCR-0071,brave/brave-core,CONTRIBUTING.md,2026-03-01T23:05:43Z,contributing_guide,disclosure;human_responsibility;verification_testing,istio/proxy,4,4.648022,language_owner,True,True,False,False,C++,C++,Organization,Organization,1000-4999,200-999,10000+,3000-9999,3209,889,36143,6747,0,0,,,3104,3448
FTE122,FCR-0071,brave/brave-core,CONTRIBUTING.md,2026-03-01T23:05:43Z,contributing_guide,disclosure;human_responsibility;verification_testing,jasp-stats/jasp-desktop,5,4.880683,language_owner,True,True,False,False,C++,C++,Organization,Organization,1000-4999,200-999,10000+,3000-9999,3209,955,36143,4712,0,0,,,3104,4727
FTE123,FCR-0019,tidwall/tile38,CONTRIBUTING.md,2026-03-03T01:42:24Z,contributing_guide,restriction_or_ban,smallnest/rpcx,1,0.344852,language_owner_star_prcell,True,True,True,True,Go,Go,User,User,5000-inf,5000-inf,0100-0499,0100-0499,9629,8283,220,218,590,695,,,3720,3645
FTE123,FCR-0019,tidwall/tile38,CONTRIBUTING.md,2026-03-03T01:42:24Z,contributing_guide,restriction_or_ban,dop251/goja,2,0.392021,language_owner_star_prcell,True,True,True,True,Go,Go,User,User,5000-inf,5000-inf,0100-0499,0100-0499,9629,6851,220,182,590,467,,,3720,3475
FTE123,FCR-0019,tidwall/tile38,CONTRIBUTING.md,2026-03-03T01:42:24Z,contributing_guide,restriction_or_ban,dominikh/go-tools,3,0.709149,language_owner_star_prcell,True,True,True,True,Go,Go,User,User,5000-inf,5000-inf,0100-0499,0100-0499,9629,6781,220,182,590,1503,,,3720,3394
FTE123,FCR-0019,tidwall/tile38,CONTRIBUTING.md,2026-03-03T01:42:24Z,contributing_guide,restriction_or_ban,drakkan/sftpgo,4,0.82917,language_owner_star_prcell,True,True,True,True,Go,Go,User,User,5000-inf,5000-inf,0100-0499,0100-0499,9629,12019,220,330,590,1168,,,3720,2487
FTE123,FCR-0019,tidwall/tile38,CONTRIBUTING.md,2026-03-03T01:42:24Z,contributing_guide,restriction_or_ban,amacneil/dbmate,5,1.03653,language_owner_star_prcell,True,True,True,True,Go,Go,User,User,5000-inf,5000-inf,0100-0499,0100-0499,9629,6876,220,469,590,214,,,3720,3820
FTE124,FCR-0127,micropython/micropython,.github/pull_request_template.md,2026-03-03T11:39:06Z,pr_template,disclosure;human_responsibility;process_requirement,FreeRDP/FreeRDP,1,0.62004,language_owner_star_prcell,True,True,True,True,C,C,Organization,Organization,5000-inf,5000-inf,3000-9999,3000-9999,21678,13127,7776,7052,6047,5035,,,4525,5429
FTE124,FCR-0127,micropython/micropython,.github/pull_request_template.md,2026-03-03T11:39:06Z,pr_template,disclosure;human_responsibility;process_requirement,lvgl/lvgl,2,0.64183,language_owner_star_prcell,True,True,True,True,C,C,Organization,Organization,5000-inf,5000-inf,3000-9999,3000-9999,21678,23462,7776,5701,6047,4331,,,4525,3624
FTE124,FCR-0127,micropython/micropython,.github/pull_request_template.md,2026-03-03T11:39:06Z,pr_template,disclosure;human_responsibility;process_requirement,openzfs/zfs,3,1.068383,language_owner_star_prcell,True,True,True,True,C,C,Organization,Organization,5000-inf,5000-inf,3000-9999,3000-9999,21678,12168,7776,8646,6047,8942,,,4525,5992
FTE124,FCR-0127,micropython/micropython,.github/pull_request_template.md,2026-03-03T11:39:06Z,pr_template,disclosure;human_responsibility;process_requirement,fluent/fluent-bit,4,1.099323,language_owner_star_prcell,True,True,True,True,C,C,Organization,Organization,5000-inf,5000-inf,3000-9999,3000-9999,21678,7824,7776,5858,6047,5430,,,4525,4122
FTE124,FCR-0127,micropython/micropython,.github/pull_request_template.md,2026-03-03T11:39:06Z,pr_template,disclosure;human_responsibility;process_requirement,redis/redis,5,1.288537,language_owner_star_prcell,True,True,True,True,C,C,Organization,Organization,5000-inf,5000-inf,3000-9999,3000-9999,21678,74153,7776,7782,6047,6957,,,4525,6260
FTE125,FCR-0063,argoproj/argo-rollouts,.github/pull_request_template.md,2026-03-03T15:20:02Z,pr_template,disclosure;human_responsibility;process_requirement;verification_testing,apache/dubbo-go,1,0.435466,language_owner_star_prcell,True,True,True,True,Go,Go,Organization,Organization,1000-4999,1000-4999,1000-2999,1000-2999,3462,4920,2886,2299,1446,961,6.0,6.0,2732,2833
FTE125,FCR-0063,argoproj/argo-rollouts,.github/pull_request_template.md,2026-03-03T15:20:02Z,pr_template,disclosure;human_responsibility;process_requirement;verification_testing,CrunchyData/postgres-operator,2,0.518563,language_owner_star_prcell,True,True,True,True,Go,Go,Organization,Organization,1000-4999,1000-4999,1000-2999,1000-2999,3462,4402,2886,2330,1446,2144,6.0,6.0,2732,3360
FTE125,FCR-0063,argoproj/argo-rollouts,.github/pull_request_template.md,2026-03-03T15:20:02Z,pr_template,disclosure;human_responsibility;process_requirement;verification_testing,maximhq/bifrost,3,1.198048,language_owner_star_prcell,True,True,True,True,Go,Go,Organization,Organization,1000-4999,1000-4999,1000-2999,1000-2999,3462,4631,2886,2561,1446,642,6.0,6.0,2732,418
FTE125,FCR-0063,argoproj/argo-rollouts,.github/pull_request_template.md,2026-03-03T15:20:02Z,pr_template,disclosure;human_responsibility;process_requirement;verification_testing,moby/swarmkit,4,2.210449,language_owner_star_prcell,True,True,True,True,Go,Go,Organization,Organization,1000-4999,1000-4999,1000-2999,1000-2999,3462,3609,2886,2365,1446,850,6.0,4.0,2732,3741
FTE125,FCR-0063,argoproj/argo-rollouts,.github/pull_request_template.md,2026-03-03T15:20:02Z,pr_template,disclosure;human_responsibility;process_requirement;verification_testing,devspace-sh/devspace,5,2.213438,language_owner_star_prcell,True,True,True,True,Go,Go,Organization,Organization,1000-4999,1000-4999,1000-2999,1000-2999,3462,4976,2886,2106,1446,1114,6.0,8.0,2732,2824
FTE126,FCR-0143,ptitSeb/box64,CONTRIBUTING.md,2026-03-05T09:43:40Z,contributing_guide,disclosure;human_responsibility;restriction_or_ban;verification_testing,hathach/tinyusb,1,1.456296,language_owner,True,True,True,True,C,C,User,User,5000-inf,5000-inf,1000-2999,1000-2999,5388,6775,2211,1793,1475,828,2.0,2.0,1987,4914
FTE126,FCR-0143,ptitSeb/box64,CONTRIBUTING.md,2026-03-05T09:43:40Z,contributing_guide,disclosure;human_responsibility;restriction_or_ban;verification_testing,bkaradzic/bgfx,2,2.089301,language_owner,True,True,True,True,C,C,User,User,5000-inf,5000-inf,1000-2999,1000-2999,5388,16999,2211,1683,1475,1609,2.0,3.0,1987,5150
FTE126,FCR-0143,ptitSeb/box64,CONTRIBUTING.md,2026-03-05T09:43:40Z,contributing_guide,disclosure;human_responsibility;restriction_or_ban;verification_testing,HansKristian-Work/vkd3d-proton,3,3.068584,language_owner,True,True,False,True,C,C,User,User,5000-inf,1000-4999,1000-2999,1000-2999,5388,2691,2211,1952,1475,1025,2.0,2.0,1987,2426
FTE126,FCR-0143,ptitSeb/box64,CONTRIBUTING.md,2026-03-05T09:43:40Z,contributing_guide,disclosure;human_responsibility;restriction_or_ban;verification_testing,earlephilhower/arduino-pico,4,3.079042,language_owner,True,True,False,True,C,C,User,User,5000-inf,1000-4999,1000-2999,1000-2999,5388,2786,2211,1391,1475,1216,2.0,2.0,1987,1901
FTE126,FCR-0143,ptitSeb/box64,CONTRIBUTING.md,2026-03-05T09:43:40Z,contributing_guide,disclosure;human_responsibility;restriction_or_ban;verification_testing,turanszkij/WickedEngine,5,3.45198,language_owner,True,True,True,False,C,C,User,User,5000-inf,5000-inf,1000-2999,0500-0999,5388,7021,2211,967,1475,614,2.0,1.0,1987,3978
FTE127,FCR-0260,openziti/zrok,CONTRIBUTING.md,2026-03-06T17:38:29Z,contributing_guide,agent_instruction_boundary;process_requirement,apache/dubbo-admin,1,1.334844,language_owner_star_prcell,True,True,True,True,Go,Go,Organization,Organization,1000-4999,1000-4999,0500-0999,0500-0999,4391,4050,527,639,714,767,,,1393,3042
FTE127,FCR-0260,openziti/zrok,CONTRIBUTING.md,2026-03-06T17:38:29Z,contributing_guide,agent_instruction_boundary;process_requirement,uptrace/bun,2,2.135708,language_owner_star_prcell,True,True,True,True,Go,Go,Organization,Organization,1000-4999,1000-4999,0500-0999,0500-0999,4391,4784,527,588,714,667,,2.0,1393,1834
FTE127,FCR-0260,openziti/zrok,CONTRIBUTING.md,2026-03-06T17:38:29Z,contributing_guide,agent_instruction_boundary;process_requirement,go-mysql-org/go-mysql,3,2.647075,language_owner_star_prcell,True,True,True,True,Go,Go,Organization,Organization,1000-4999,1000-4999,0500-0999,0500-0999,4391,4934,527,685,714,451,,2.0,1393,4462
FTE127,FCR-0260,openziti/zrok,CONTRIBUTING.md,2026-03-06T17:38:29Z,contributing_guide,agent_instruction_boundary;process_requirement,kubernetes/kubeadm,4,4.452579,language_owner_star_prcell,True,True,True,True,Go,Go,Organization,Organization,1000-4999,1000-4999,0500-0999,0500-0999,4391,3975,527,652,714,2635,,4.0,1393,3457
FTE127,FCR-0260,openziti/zrok,CONTRIBUTING.md,2026-03-06T17:38:29Z,contributing_guide,agent_instruction_boundary;process_requirement,modelcontextprotocol/go-sdk,5,7.445444,language_owner_star_prcell,True,True,True,True,Go,Go,Organization,Organization,1000-4999,1000-4999,0500-0999,0500-0999,4391,4479,527,552,714,352,,7.0,1393,383
FTE128,FCR-0052,StrikerX3/Ymir,CONTRIBUTING.md,2026-03-07T13:24:30Z,contributing_guide,disclosure;human_responsibility;restriction_or_ban,smplayer-dev/smplayer,1,0.86947,language_owner_star_prcell,True,True,True,True,C++,C++,User,User,200-999,200-999,0000-0099,0000-0099,890,992,73,54,760,674,,,378,1883
FTE128,FCR-0052,StrikerX3/Ymir,CONTRIBUTING.md,2026-03-07T13:24:30Z,contributing_guide,disclosure;human_responsibility;restriction_or_ban,Rosalie241/RMG,2,0.911253,language_owner_star_prcell,True,True,True,True,C++,C++,User,User,200-999,200-999,0000-0099,0000-0099,890,995,73,75,760,369,,,378,2067
FTE128,FCR-0052,StrikerX3/Ymir,CONTRIBUTING.md,2026-03-07T13:24:30Z,contributing_guide,disclosure;human_responsibility;restriction_or_ban,rednblkx/HomeKey-ESP32,3,1.127041,language_owner_star_prcell,True,True,True,True,C++,C++,User,User,200-999,200-999,0000-0099,0000-0099,890,944,73,44,760,166,,,378,882
FTE128,FCR-0052,StrikerX3/Ymir,CONTRIBUTING.md,2026-03-07T13:24:30Z,contributing_guide,disclosure;human_responsibility;restriction_or_ban,eyalroz/cuda-api-wrappers,4,1.398081,language_owner_star_prcell,True,True,True,True,C++,C++,User,User,200-999,200-999,0000-0099,0000-0099,890,885,73,58,760,701,,,378,3468
FTE128,FCR-0052,StrikerX3/Ymir,CONTRIBUTING.md,2026-03-07T13:24:30Z,contributing_guide,disclosure;human_responsibility;restriction_or_ban,CookiePLMonster/SilentPatch,5,1.847455,language_owner_star_prcell,True,True,True,True,C++,C++,User,User,200-999,200-999,0000-0099,0000-0099,890,926,73,14,760,323,,,378,2362
FTE129,FCR-0107,intelowlproject/IntelOwl,.github/pull_request_template.md,2026-03-08T07:45:39Z,pr_template,disclosure;human_responsibility;process_requirement;verification_testing,amundsen-io/amundsen,1,0.597735,language_owner_star_prcell,True,True,True,True,Python,Python,Organization,Organization,1000-4999,1000-4999,1000-2999,1000-2999,4560,4762,2852,1613,767,687,7.0,7.0,2323,2554
FTE129,FCR-0107,intelowlproject/IntelOwl,.github/pull_request_template.md,2026-03-08T07:45:39Z,pr_template,disclosure;human_responsibility;process_requirement;verification_testing,ModelEngine-Group/nexent,2,1.0534,language_owner_star_prcell,True,True,True,True,Python,Python,Organization,Organization,1000-4999,1000-4999,1000-2999,1000-2999,4560,4401,2852,1579,767,1176,7.0,7.0,2323,378
FTE129,FCR-0107,intelowlproject/IntelOwl,.github/pull_request_template.md,2026-03-08T07:45:39Z,pr_template,disclosure;human_responsibility;process_requirement;verification_testing,cartography-cncf/cartography,3,1.12702,language_owner_star_prcell,True,True,True,True,Python,Python,Organization,Organization,1000-4999,1000-4999,1000-2999,1000-2999,4560,3868,2852,2122,767,599,7.0,8.0,2323,2630
FTE129,FCR-0107,intelowlproject/IntelOwl,.github/pull_request_template.md,2026-03-08T07:45:39Z,pr_template,disclosure;human_responsibility;process_requirement;verification_testing,mesa/mesa,4,1.437669,language_owner_star_prcell,True,True,True,True,Python,Python,Organization,Organization,1000-4999,1000-4999,1000-2999,1000-2999,4560,3628,2852,2165,767,1087,7.0,6.0,2323,4252
FTE129,FCR-0107,intelowlproject/IntelOwl,.github/pull_request_template.md,2026-03-08T07:45:39Z,pr_template,disclosure;human_responsibility;process_requirement;verification_testing,gee-community/geemap,5,1.470922,language_owner_star_prcell,True,True,True,True,Python,Python,Organization,Organization,1000-4999,1000-4999,1000-2999,1000-2999,4560,3936,2852,1041,767,677,7.0,6.0,2323,2255
FTE131,FCR-0168,timescale/timescaledb,CONTRIBUTING.md,2026-03-11T10:52:01Z,contributing_guide,human_responsibility;restriction_or_ban;verification_testing,lvgl/lvgl,1,0.670513,language_owner_star_prcell,True,True,True,True,C,C,Organization,Organization,5000-inf,5000-inf,3000-9999,3000-9999,22569,23462,6368,5701,3211,4331,,,3352,3624
FTE131,FCR-0168,timescale/timescaledb,CONTRIBUTING.md,2026-03-11T10:52:01Z,contributing_guide,human_responsibility;restriction_or_ban;verification_testing,RediSearch/RediSearch,2,1.143396,language_owner_star_prcell,True,True,True,True,C,C,Organization,Organization,5000-inf,5000-inf,3000-9999,3000-9999,22569,6122,6368,7852,3211,1594,,,3352,3658
FTE131,FCR-0168,timescale/timescaledb,CONTRIBUTING.md,2026-03-11T10:52:01Z,contributing_guide,human_responsibility;restriction_or_ban;verification_testing,RT-Thread/rt-thread,3,1.223257,language_owner_star_prcell,True,True,True,True,C,C,Organization,Organization,5000-inf,5000-inf,3000-9999,3000-9999,22569,11948,6368,9441,3211,1803,,,3352,4877
FTE131,FCR-0168,timescale/timescaledb,CONTRIBUTING.md,2026-03-11T10:52:01Z,contributing_guide,human_responsibility;restriction_or_ban;verification_testing,tianocore/edk2,4,1.482751,language_owner_star_prcell,True,True,True,True,C,C,Organization,Organization,5000-inf,5000-inf,3000-9999,3000-9999,22569,5970,6368,7856,3211,4386,,,3352,5506
FTE131,FCR-0168,timescale/timescaledb,CONTRIBUTING.md,2026-03-11T10:52:01Z,contributing_guide,human_responsibility;restriction_or_ban;verification_testing,redis/redis,5,2.18219,language_owner_star_prcell,True,True,True,True,C,C,Organization,Organization,5000-inf,5000-inf,3000-9999,3000-9999,22569,74153,6368,7782,3211,6957,,,3352,6260
FTE132,FCR-0067,audreyfeldroy/cookiecutter-pypackage,.github/pull_request_template.md,2026-03-13T12:57:09Z,pr_template,disclosure;model_tool_usage_detail;process_requirement,ourownstory/neural_prophet,1,1.754766,language_owner_star_prcell,True,True,True,True,Python,Python,User,User,1000-4999,1000-4999,0500-0999,0500-0999,4563,4272,713,831,199,572,8.0,7.0,4684,2198
FTE132,FCR-0067,audreyfeldroy/cookiecutter-pypackage,.github/pull_request_template.md,2026-03-13T12:57:09Z,pr_template,disclosure;model_tool_usage_detail;process_requirement,yihong0618/running_page,2,5.438479,language_owner_star_prcell,True,True,True,True,Python,Python,User,User,1000-4999,1000-4999,0500-0999,0500-0999,4563,4448,713,634,199,436,8.0,3.0,4684,2062
FTE132,FCR-0067,audreyfeldroy/cookiecutter-pypackage,.github/pull_request_template.md,2026-03-13T12:57:09Z,pr_template,disclosure;model_tool_usage_detail;process_requirement,midoks/mdserver-web,3,6.329445,language_owner_star_prcell,True,True,True,True,Python,Python,User,User,1000-4999,1000-4999,0500-0999,0500-0999,4563,4497,713,563,199,0,8.0,3.0,4684,2799
FTE132,FCR-0067,audreyfeldroy/cookiecutter-pypackage,.github/pull_request_template.md,2026-03-13T12:57:09Z,pr_template,disclosure;model_tool_usage_detail;process_requirement,Blaizzy/mlx-vlm,4,6.628346,language_owner_star_prcell,True,True,True,True,Python,Python,User,User,1000-4999,1000-4999,0500-0999,0500-0999,4563,4583,713,594,199,493,8.0,2.0,4684,755
FTE132,FCR-0067,audreyfeldroy/cookiecutter-pypackage,.github/pull_request_template.md,2026-03-13T12:57:09Z,pr_template,disclosure;model_tool_usage_detail;process_requirement,runhey/OnmyojiAutoScript,5,6.636689,language_owner_star_prcell,True,True,True,True,Python,Python,User,User,1000-4999,1000-4999,0500-0999,0500-0999,4563,4094,713,696,199,824,8.0,2.0,4684,1109
FTE133,FCR-0134,openwallet-foundation/bifold-wallet,CONTRIBUTING,2026-03-13T19:15:10Z,contributing_guide,human_responsibility;restriction_or_ban;verification_testing,hirosystems/stacks-blockchain-api,1,0.741875,language_owner,True,True,True,True,TypeScript,TypeScript,Organization,Organization,50-199,50-199,1000-2999,1000-2999,192,191,1508,1561,308,942,,,2012,2286
FTE133,FCR-0134,openwallet-foundation/bifold-wallet,CONTRIBUTING,2026-03-13T19:15:10Z,contributing_guide,human_responsibility;restriction_or_ban;verification_testing,rokucommunity/brighterscript,2,0.862289,language_owner,True,True,True,True,TypeScript,TypeScript,Organization,Organization,50-199,50-199,1000-2999,1000-2999,192,196,1508,1009,308,657,,,2012,2610
FTE133,FCR-0134,openwallet-foundation/bifold-wallet,CONTRIBUTING,2026-03-13T19:15:10Z,contributing_guide,human_responsibility;restriction_or_ban;verification_testing,denoland/docs,3,1.008427,language_owner,True,True,True,True,TypeScript,TypeScript,Organization,Organization,50-199,50-199,1000-2999,1000-2999,192,192,1508,1763,308,1195,,,2012,1014
FTE133,FCR-0134,openwallet-foundation/bifold-wallet,CONTRIBUTING,2026-03-13T19:15:10Z,contributing_guide,human_responsibility;restriction_or_ban;verification_testing,Uniswap/routing-api,4,1.09238,language_owner,True,True,True,True,TypeScript,TypeScript,Organization,Organization,50-199,50-199,1000-2999,1000-2999,192,199,1508,1328,308,55,,,2012,1791
FTE133,FCR-0134,openwallet-foundation/bifold-wallet,CONTRIBUTING,2026-03-13T19:15:10Z,contributing_guide,human_responsibility;restriction_or_ban;verification_testing,rainbow-me/browser-extension,5,1.18747,language_owner,True,True,True,True,TypeScript,TypeScript,Organization,Organization,50-199,50-199,1000-2999,1000-2999,192,192,1508,2198,308,66,,,2012,1320
FTE134,FCR-0209,janet-lang/janet,CONTRIBUTING.md,2026-03-15T04:13:29Z,contributing_guide,disclosure;human_responsibility;maintainer_review_discretion;restriction_or_ban,libbpf/libbpf,1,1.289873,language_owner_star_prcell,True,True,True,True,C,C,Organization,Organization,1000-4999,1000-4999,0500-0999,0500-0999,4238,2689,647,613,805,351,3.0,2.0,3349,2770
FTE134,FCR-0209,janet-lang/janet,CONTRIBUTING.md,2026-03-15T04:13:29Z,contributing_guide,disclosure;human_responsibility;maintainer_review_discretion;restriction_or_ban,pgbackrest/pgbackrest,2,1.333033,language_owner_star_prcell,True,True,True,True,C,C,Organization,Organization,1000-4999,1000-4999,0500-0999,0500-0999,4238,3937,647,742,805,2024,3.0,4.0,3349,4564
FTE134,FCR-0209,janet-lang/janet,CONTRIBUTING.md,2026-03-15T04:13:29Z,contributing_guide,disclosure;human_responsibility;maintainer_review_discretion;restriction_or_ban,espruino/Espruino,3,1.445357,language_owner_star_prcell,True,True,True,True,C,C,Organization,Organization,1000-4999,1000-4999,0500-0999,0500-0999,4238,2950,647,867,805,1822,3.0,4.0,3349,4610
FTE134,FCR-0209,janet-lang/janet,CONTRIBUTING.md,2026-03-15T04:13:29Z,contributing_guide,disclosure;human_responsibility;maintainer_review_discretion;restriction_or_ban,riscv-collab/riscv-gnu-toolchain,4,2.307103,language_owner_star_prcell,True,True,True,True,C,C,Organization,Organization,1000-4999,1000-4999,0500-0999,0500-0999,4238,4471,647,605,805,1246,3.0,1.0,3349,4263
FTE134,FCR-0209,janet-lang/janet,CONTRIBUTING.md,2026-03-15T04:13:29Z,contributing_guide,disclosure;human_responsibility;maintainer_review_discretion;restriction_or_ban,FalkorDB/FalkorDB,5,2.362693,language_owner_star_prcell,True,True,True,True,C,C,Organization,Organization,1000-4999,1000-4999,0500-0999,0500-0999,4238,4328,647,791,805,1077,3.0,5.0,3349,1026
FTE135,FCR-0084,dlvhdr/gh-dash,CONTRIBUTING.md,2026-03-15T15:24:51Z,contributing_guide,disclosure;human_responsibility;model_tool_usage_detail,a-h/templ,1,0.520117,language_owner,True,True,True,True,Go,Go,User,User,5000-inf,5000-inf,0500-0999,0500-0999,11576,10285,505,515,287,640,,,1670,1857
FTE135,FCR-0084,dlvhdr/gh-dash,CONTRIBUTING.md,2026-03-15T15:24:51Z,contributing_guide,disclosure;human_responsibility;model_tool_usage_detail,yorukot/superfile,2,0.781998,language_owner,True,True,True,True,Go,Go,User,User,5000-inf,5000-inf,0500-0999,0500-0999,11576,17293,505,819,287,530,,,1670,783
FTE135,FCR-0084,dlvhdr/gh-dash,CONTRIBUTING.md,2026-03-15T15:24:51Z,contributing_guide,disclosure;human_responsibility;model_tool_usage_detail,TwiN/gatus,3,0.8617,language_owner,True,True,True,True,Go,Go,User,User,5000-inf,5000-inf,0500-0999,0500-0999,11576,10876,505,829,287,697,,,1670,2441
FTE135,FCR-0084,dlvhdr/gh-dash,CONTRIBUTING.md,2026-03-15T15:24:51Z,contributing_guide,disclosure;human_responsibility;model_tool_usage_detail,jeessy2/ddns-go,4,1.105931,language_owner,True,True,True,True,Go,Go,User,User,5000-inf,5000-inf,0500-0999,0500-0999,11576,16737,505,525,287,969,,,1670,2084
FTE135,FCR-0084,dlvhdr/gh-dash,CONTRIBUTING.md,2026-03-15T15:24:51Z,contributing_guide,disclosure;human_responsibility;model_tool_usage_detail,cshum/imagor,5,3.145312,language_owner,True,True,False,True,Go,Go,User,User,5000-inf,1000-4999,0500-0999,0500-0999,11576,3941,505,603,287,200,,,1670,1822
FTE136,FCR-0095,go-swagger/go-swagger,.github/CONTRIBUTING.md,2026-03-16T14:57:06Z,contributing_guide,authorship_or_provenance;restriction_or_ban;security_reporting,blevesearch/bleve,1,0.624976,language_owner_star_prcell,True,True,True,True,Go,Go,Organization,Organization,5000-inf,5000-inf,1000-2999,1000-2999,9975,11021,1284,1450,1984,854,,,4194,4407
FTE136,FCR-0095,go-swagger/go-swagger,.github/CONTRIBUTING.md,2026-03-16T14:57:06Z,contributing_guide,authorship_or_provenance;restriction_or_ban;security_reporting,kubernetes/kompose,2,0.641365,language_owner_star_prcell,True,True,True,True,Go,Go,Organization,Organization,5000-inf,5000-inf,1000-2999,1000-2999,9975,10522,1284,1261,1984,839,,,4194,3605
FTE136,FCR-0095,go-swagger/go-swagger,.github/CONTRIBUTING.md,2026-03-16T14:57:06Z,contributing_guide,authorship_or_provenance;restriction_or_ban;security_reporting,btcsuite/btcd,3,0.743559,language_owner_star_prcell,True,True,True,True,Go,Go,Organization,Organization,5000-inf,5000-inf,1000-2999,1000-2999,9975,6684,1284,1587,1984,853,,,4194,4661
FTE136,FCR-0095,go-swagger/go-swagger,.github/CONTRIBUTING.md,2026-03-16T14:57:06Z,contributing_guide,authorship_or_provenance;restriction_or_ban;security_reporting,google/go-cloud,4,0.863448,language_owner_star_prcell,True,True,True,True,Go,Go,Organization,Organization,5000-inf,5000-inf,1000-2999,1000-2999,9975,9872,1284,2360,1984,1265,,,4194,2973
FTE136,FCR-0095,go-swagger/go-swagger,.github/CONTRIBUTING.md,2026-03-16T14:57:06Z,contributing_guide,authorship_or_provenance;restriction_or_ban;security_reporting,aquasecurity/kube-bench,5,0.967042,language_owner_star_prcell,True,True,True,True,Go,Go,Organization,Organization,5000-inf,5000-inf,1000-2999,1000-2999,9975,8041,1284,1390,1984,508,,,4194,3248
FTE137,FCR-0228,skarnet/s6,CONTRIBUTING,2026-03-16T21:09:38Z,contributing_guide,restriction_or_ban,peterantypas/maiana,1,0.886793,language_owner_star_prcell,True,True,True,True,C,C,User,User,200-999,200-999,0000-0099,0000-0099,924,429,8,5,33,60,,,4090,3634
FTE137,FCR-0228,skarnet/s6,CONTRIBUTING,2026-03-16T21:09:38Z,contributing_guide,restriction_or_ban,signalwareltd/rtl_tcp_andro-,2,0.910303,language_owner_star_prcell,True,True,True,True,C,C,User,User,200-999,200-999,0000-0099,0000-0099,924,418,8,6,33,44,,,4090,4870
FTE137,FCR-0228,skarnet/s6,CONTRIBUTING,2026-03-16T21:09:38Z,contributing_guide,restriction_or_ban,zjupure/GlideWebpDecoder,3,1.057555,language_owner_star_prcell,True,True,True,True,C,C,User,User,200-999,200-999,0000-0099,0000-0099,924,789,8,11,33,128,,,4090,3071
FTE137,FCR-0228,skarnet/s6,CONTRIBUTING,2026-03-16T21:09:38Z,contributing_guide,restriction_or_ban,ufrisk/LeechCore,4,1.076305,language_owner_star_prcell,True,True,True,True,C,C,User,User,200-999,200-999,0000-0099,0000-0099,924,879,8,15,33,52,,,4090,2657
FTE137,FCR-0228,skarnet/s6,CONTRIBUTING,2026-03-16T21:09:38Z,contributing_guide,restriction_or_ban,agraef/purr-data,5,1.180316,language_owner_star_prcell,True,True,True,True,C,C,User,User,200-999,200-999,0000-0099,0000-0099,924,705,8,26,33,43,,,4090,3345
FTE138,FCR-0297,amnweb/yasb,docs/Contributing.md,2026-03-17T12:16:33Z,contributing_guide,human_responsibility;restriction_or_ban,MilesCranmer/PySR,1,0.709438,language_owner_star_prcell,True,True,True,True,Python,Python,User,User,1000-4999,1000-4999,0100-0499,0100-0499,4767,3533,362,372,369,317,4.0,4.0,677,2065
FTE138,FCR-0297,amnweb/yasb,docs/Contributing.md,2026-03-17T12:16:33Z,contributing_guide,human_responsibility;restriction_or_ban,VRSEN/agency-swarm,2,0.976247,language_owner_star_prcell,True,True,True,True,Python,Python,User,User,1000-4999,1000-4999,0100-0499,0100-0499,4767,4254,362,428,369,167,4.0,4.0,677,907
FTE138,FCR-0297,amnweb/yasb,docs/Contributing.md,2026-03-17T12:16:33Z,contributing_guide,human_responsibility;restriction_or_ban,blocklistproject/Lists,3,1.504183,language_owner_star_prcell,True,True,True,True,Python,Python,User,User,1000-4999,1000-4999,0100-0499,0100-0499,4767,4805,362,268,369,1132,4.0,5.0,677,2164
FTE138,FCR-0297,amnweb/yasb,docs/Contributing.md,2026-03-17T12:16:33Z,contributing_guide,human_responsibility;restriction_or_ban,chenyme/grok2api,4,1.668835,language_owner_star_prcell,True,True,True,True,Python,Python,User,User,1000-4999,1000-4999,0100-0499,0100-0499,4767,4696,362,167,369,353,4.0,3.0,677,213
FTE138,FCR-0297,amnweb/yasb,docs/Contributing.md,2026-03-17T12:16:33Z,contributing_guide,human_responsibility;restriction_or_ban,NewFuture/DDNS,5,1.778943,language_owner_star_prcell,True,True,True,True,Python,Python,User,User,1000-4999,1000-4999,0100-0499,0100-0499,4767,4662,362,303,369,355,4.0,3.0,677,3622
FTE139,FCR-0231,zeromq/pyzmq,CONTRIBUTING.md,2026-03-17T15:34:50Z,contributing_guide,restriction_or_ban,pyload/pyload,1,0.842517,language_owner_star_prcell,True,True,True,True,Python,Python,Organization,Organization,1000-4999,1000-4999,1000-2999,1000-2999,4132,3758,1088,1309,1078,3337,6.0,6.0,5773,4838
FTE139,FCR-0231,zeromq/pyzmq,CONTRIBUTING.md,2026-03-17T15:34:50Z,contributing_guide,restriction_or_ban,Screenly/Anthias,2,1.154492,language_owner_star_prcell,True,True,True,True,Python,Python,Organization,Organization,1000-4999,1000-4999,1000-2999,1000-2999,4132,3505,1088,1445,1078,1347,6.0,7.0,5773,5039
FTE139,FCR-0231,zeromq/pyzmq,CONTRIBUTING.md,2026-03-17T15:34:50Z,contributing_guide,restriction_or_ban,pyqtgraph/pyqtgraph,3,1.327262,language_owner_star_prcell,True,True,True,True,Python,Python,Organization,Organization,1000-4999,1000-4999,1000-2999,1000-2999,4132,4335,1088,1923,1078,1380,6.0,5.0,5773,4624
FTE139,FCR-0231,zeromq/pyzmq,CONTRIBUTING.md,2026-03-17T15:34:50Z,contributing_guide,restriction_or_ban,aws/aws-sdk-pandas,4,1.477955,language_owner_star_prcell,True,True,True,True,Python,Python,Organization,Organization,1000-4999,1000-4999,1000-2999,1000-2999,4132,4109,1088,1965,1078,1253,6.0,6.0,5773,2631
FTE139,FCR-0231,zeromq/pyzmq,CONTRIBUTING.md,2026-03-17T15:34:50Z,contributing_guide,restriction_or_ban,catalyst-team/catalyst,5,1.480547,language_owner_star_prcell,True,True,True,True,Python,Python,Organization,Organization,1000-4999,1000-4999,1000-2999,1000-2999,4132,3377,1088,1088,1078,357,6.0,6.0,5773,2821
FTE140,FCR-0132,nothings/stb,CONTRIBUTING.md,2026-03-18T08:20:05Z,contributing_guide,restriction_or_ban,jarun/nnn,1,1.175443,language_owner,True,True,True,True,C,C,User,User,5000-inf,5000-inf,0500-0999,0500-0999,33550,21530,831,816,962,1038,,,4369,3551
FTE140,FCR-0132,nothings/stb,CONTRIBUTING.md,2026-03-18T08:20:05Z,contributing_guide,restriction_or_ban,tsl0922/ttyd,2,1.300691,language_owner,True,True,True,True,C,C,User,User,5000-inf,5000-inf,0500-0999,0500-0999,33550,11566,831,908,962,616,,,4369,3527
FTE140,FCR-0132,nothings/stb,CONTRIBUTING.md,2026-03-18T08:20:05Z,contributing_guide,restriction_or_ban,ventoy/Ventoy,3,1.358369,language_owner,True,True,True,True,C,C,User,User,5000-inf,5000-inf,0500-0999,0500-0999,33550,76421,831,572,962,2734,,,4369,2253
FTE140,FCR-0132,nothings/stb,CONTRIBUTING.md,2026-03-18T08:20:05Z,contributing_guide,restriction_or_ban,madler/zlib,4,1.431826,language_owner,True,True,True,True,C,C,User,User,5000-inf,5000-inf,0500-0999,0500-0999,33550,6844,831,627,962,575,,,4369,5357
FTE140,FCR-0132,nothings/stb,CONTRIBUTING.md,2026-03-18T08:20:05Z,contributing_guide,restriction_or_ban,turanszkij/WickedEngine,5,1.964728,language_owner,True,True,True,True,C,C,User,User,5000-inf,5000-inf,0500-0999,0500-0999,33550,7021,831,967,962,614,,1.0,4369,3978
FTE141,FCR-0029,DLR-RM/stable-baselines3,CONTRIBUTING.md,2026-03-18T17:07:25Z,contributing_guide,disclosure;maintainer_review_discretion;restriction_or_ban,ultralytics/yolov3,1,0.426164,language_owner_star_prcell,True,True,True,True,Python,Python,Organization,Organization,5000-inf,5000-inf,0500-0999,0500-0999,13225,10567,636,542,1592,1825,,,2197,2815
FTE141,FCR-0029,DLR-RM/stable-baselines3,CONTRIBUTING.md,2026-03-18T17:07:25Z,contributing_guide,disclosure;maintainer_review_discretion;restriction_or_ban,qubvel-org/segmentation_models.pytorch,2,0.574243,language_owner_star_prcell,True,True,True,True,Python,Python,Organization,Organization,5000-inf,5000-inf,0500-0999,0500-0999,13225,11534,636,527,1592,723,,,2197,2628
FTE141,FCR-0029,DLR-RM/stable-baselines3,CONTRIBUTING.md,2026-03-18T17:07:25Z,contributing_guide,disclosure;maintainer_review_discretion;restriction_or_ban,facebook/prophet,3,0.787178,language_owner_star_prcell,True,True,True,True,Python,Python,Organization,Organization,5000-inf,5000-inf,0500-0999,0500-0999,13225,20170,636,510,1592,2196,,,2197,3463
FTE141,FCR-0029,DLR-RM/stable-baselines3,CONTRIBUTING.md,2026-03-18T17:07:25Z,contributing_guide,disclosure;maintainer_review_discretion;restriction_or_ban,facebookresearch/detectron2,4,1.088671,language_owner_star_prcell,True,True,True,True,Python,Python,Organization,Organization,5000-inf,5000-inf,0500-0999,0500-0999,13225,34453,636,730,1592,3571,,,2197,2440
FTE141,FCR-0029,DLR-RM/stable-baselines3,CONTRIBUTING.md,2026-03-18T17:07:25Z,contributing_guide,disclosure;maintainer_review_discretion;restriction_or_ban,Gozargah/Marzban,5,3.27516,language_owner_star_prcell,True,True,True,True,Python,Python,Organization,Organization,5000-inf,5000-inf,0500-0999,0500-0999,13225,6639,636,665,1592,1137,,3.0,2197,1264
FTE142,FCR-0079,checkpoint-restore/criu,CONTRIBUTING.md,2026-03-19T16:44:10Z,contributing_guide,authorship_or_provenance;human_responsibility,libarchive/libarchive,1,0.337641,language_owner_star_prcell,True,True,True,True,C,C,Organization,Organization,1000-4999,1000-4999,1000-2999,1000-2999,3814,3485,1409,1389,1563,1584,5.0,5.0,4497,5226
FTE142,FCR-0079,checkpoint-restore/criu,CONTRIBUTING.md,2026-03-19T16:44:10Z,contributing_guide,authorship_or_provenance;human_responsibility,ntop/nDPI,2,0.579749,language_owner_star_prcell,True,True,True,True,C,C,Organization,Organization,1000-4999,1000-4999,1000-2999,1000-2999,3814,4455,1409,2182,1563,978,5.0,5.0,4497,4040
FTE142,FCR-0079,checkpoint-restore/criu,CONTRIBUTING.md,2026-03-19T16:44:10Z,contributing_guide,authorship_or_provenance;human_responsibility,containers/crun,3,0.847711,language_owner_star_prcell,True,True,True,True,C,C,Organization,Organization,1000-4999,1000-4999,1000-2999,1000-2999,3814,3906,1409,1424,1563,649,5.0,5.0,4497,3162
FTE142,FCR-0079,checkpoint-restore/criu,CONTRIBUTING.md,2026-03-19T16:44:10Z,contributing_guide,authorship_or_provenance;human_responsibility,kamailio/kamailio,4,2.215509,language_owner_star_prcell,True,True,True,True,C,C,Organization,Organization,1000-4999,1000-4999,1000-2999,1000-2999,3814,2807,1409,2447,1563,2260,5.0,7.0,4497,4534
FTE142,FCR-0079,checkpoint-restore/criu,CONTRIBUTING.md,2026-03-19T16:44:10Z,contributing_guide,authorship_or_provenance;human_responsibility,util-linux/util-linux,5,2.250843,language_owner_star_prcell,True,True,True,True,C,C,Organization,Organization,1000-4999,1000-4999,1000-2999,1000-2999,3814,3140,1409,2588,1563,1669,5.0,3.0,4497,5360
FTE144,FCR-0135,ory/hydra,CONTRIBUTING.md,2026-03-20T08:47:51Z,contributing_guide,disclosure;model_tool_usage_detail;restriction_or_ban;verification_testing,google/cadvisor,1,0.297526,language_owner_star_prcell,True,True,True,True,Go,Go,Organization,Organization,5000-inf,5000-inf,1000-2999,1000-2999,17121,19120,1939,2197,1597,1651,,,4007,4354
FTE144,FCR-0135,ory/hydra,CONTRIBUTING.md,2026-03-20T08:47:51Z,contributing_guide,disclosure;model_tool_usage_detail;restriction_or_ban;verification_testing,urfave/cli,2,0.666123,language_owner_star_prcell,True,True,True,True,Go,Go,Organization,Organization,5000-inf,5000-inf,1000-2999,1000-2999,17121,24022,1939,1250,1597,946,,,4007,4685
FTE144,FCR-0135,ory/hydra,CONTRIBUTING.md,2026-03-20T08:47:51Z,contributing_guide,disclosure;model_tool_usage_detail;restriction_or_ban;verification_testing,asdf-vm/asdf,3,0.693561,language_owner_star_prcell,True,True,True,True,Go,Go,Organization,Organization,5000-inf,5000-inf,1000-2999,1000-2999,17121,25337,1939,1145,1597,1051,,,4007,4181
FTE144,FCR-0135,ory/hydra,CONTRIBUTING.md,2026-03-20T08:47:51Z,contributing_guide,disclosure;model_tool_usage_detail;restriction_or_ban;verification_testing,kubesphere/kubesphere,4,0.823536,language_owner_star_prcell,True,True,True,True,Go,Go,Organization,Organization,5000-inf,5000-inf,1000-2999,1000-2999,17121,16926,1939,2138,1597,4306,,,4007,2942
FTE144,FCR-0135,ory/hydra,CONTRIBUTING.md,2026-03-20T08:47:51Z,contributing_guide,disclosure;model_tool_usage_detail;restriction_or_ban;verification_testing,go-kratos/kratos,5,0.845284,language_owner_star_prcell,True,True,True,True,Go,Go,Organization,Organization,5000-inf,5000-inf,1000-2999,1000-2999,17121,25662,1939,2513,1597,1255,,,4007,2678
FTE145,FCR-0136,ory/oathkeeper,CONTRIBUTING.md,2026-03-20T08:48:34Z,contributing_guide,disclosure;model_tool_usage_detail;restriction_or_ban;verification_testing,getfider/fider,1,0.457784,language_owner_star_prcell,True,True,True,True,Go,Go,Organization,Organization,1000-4999,1000-4999,0500-0999,0500-0999,3551,4288,774,966,376,511,7.0,7.0,3150,3401
FTE145,FCR-0136,ory/oathkeeper,CONTRIBUTING.md,2026-03-20T08:48:34Z,contributing_guide,disclosure;model_tool_usage_detail;restriction_or_ban;verification_testing,ory/fosite,2,1.174825,language_owner_star_prcell,True,True,True,True,Go,Go,Organization,Organization,1000-4999,1000-4999,0500-0999,0500-0999,3551,2552,774,561,376,310,7.0,6.0,3150,3790
FTE145,FCR-0136,ory/oathkeeper,CONTRIBUTING.md,2026-03-20T08:48:34Z,contributing_guide,disclosure;model_tool_usage_detail;restriction_or_ban;verification_testing,terraform-docs/terraform-docs,3,1.183495,language_owner_star_prcell,True,True,True,True,Go,Go,Organization,Organization,1000-4999,1000-4999,0500-0999,0500-0999,3551,4769,774,513,376,395,7.0,6.0,3150,3620
FTE145,FCR-0136,ory/oathkeeper,CONTRIBUTING.md,2026-03-20T08:48:34Z,contributing_guide,disclosure;model_tool_usage_detail;restriction_or_ban;verification_testing,google/mtail,4,1.198592,language_owner_star_prcell,True,True,True,True,Go,Go,Organization,Organization,1000-4999,1000-4999,0500-0999,0500-0999,3551,4009,774,666,376,324,7.0,6.0,3150,4367
FTE145,FCR-0136,ory/oathkeeper,CONTRIBUTING.md,2026-03-20T08:48:34Z,contributing_guide,disclosure;model_tool_usage_detail;restriction_or_ban;verification_testing,modelcontextprotocol/go-sdk,5,1.253619,language_owner_star_prcell,True,True,True,True,Go,Go,Organization,Organization,1000-4999,1000-4999,0500-0999,0500-0999,3551,4479,774,552,376,352,7.0,7.0,3150,383
FTE148,FCR-0250,e18e/module-replacements,.github/pull_request_template.md,2026-03-21T17:46:56Z,pr_template,disclosure;human_responsibility;process_requirement,zard-ui/zardui,1,0.225916,language_owner_star_prcell,True,True,True,True,TypeScript,TypeScript,Organization,Organization,200-999,200-999,0100-0499,0100-0499,908,990,364,331,289,260,,,828,432
FTE148,FCR-0250,e18e/module-replacements,.github/pull_request_template.md,2026-03-21T17:46:56Z,pr_template,disclosure;human_responsibility;process_requirement,vitest-dev/vscode,2,0.594023,language_owner_star_prcell,True,True,True,True,TypeScript,TypeScript,Organization,Organization,200-999,200-999,0100-0499,0100-0499,908,909,364,248,289,455,,,828,1520
FTE148,FCR-0250,e18e/module-replacements,.github/pull_request_template.md,2026-03-21T17:46:56Z,pr_template,disclosure;human_responsibility;process_requirement,voquill/voquill,3,0.601256,language_owner_star_prcell,True,True,True,True,TypeScript,TypeScript,Organization,Organization,200-999,200-999,0100-0499,0100-0499,908,916,364,317,289,129,,,828,230
FTE148,FCR-0250,e18e/module-replacements,.github/pull_request_template.md,2026-03-21T17:46:56Z,pr_template,disclosure;human_responsibility;process_requirement,coollabsio/jean,4,0.755816,language_owner_star_prcell,True,True,True,True,TypeScript,TypeScript,Organization,Organization,200-999,200-999,0100-0499,0100-0499,908,895,364,201,289,160,,,828,108
FTE148,FCR-0250,e18e/module-replacements,.github/pull_request_template.md,2026-03-21T17:46:56Z,pr_template,disclosure;human_responsibility;process_requirement,VoidenHQ/voiden,5,0.926556,language_owner_star_prcell,True,True,True,True,TypeScript,TypeScript,Organization,Organization,200-999,200-999,0100-0499,0100-0499,908,961,364,166,289,189,,,828,367
FTE149,FCR-0164,terraforming-mars/terraforming-mars,CONTRIBUTING.md,2026-03-24T01:44:43Z,contributing_guide,disclosure;human_responsibility;restriction_or_ban,saleor/saleor-dashboard,1,0.590942,language_owner,True,True,True,True,TypeScript,TypeScript,Organization,Organization,200-999,200-999,3000-9999,3000-9999,914,993,6031,4955,1984,1516,,,2989,2518
FTE149,FCR-0164,terraforming-mars/terraforming-mars,CONTRIBUTING.md,2026-03-24T01:44:43Z,contributing_guide,disclosure;human_responsibility;restriction_or_ban,microsoft/accessibility-insights-web,2,0.865102,language_owner,True,True,True,True,TypeScript,TypeScript,Organization,Organization,200-999,200-999,3000-9999,3000-9999,914,899,6031,7104,1984,623,,,2989,2712
FTE149,FCR-0164,terraforming-mars/terraforming-mars,CONTRIBUTING.md,2026-03-24T01:44:43Z,contributing_guide,disclosure;human_responsibility;restriction_or_ban,kufu/smarthr-ui,3,1.181616,language_owner,True,True,True,True,TypeScript,TypeScript,Organization,Organization,200-999,200-999,3000-9999,3000-9999,914,954,6031,5941,1984,357,,,2989,2923
FTE149,FCR-0164,terraforming-mars/terraforming-mars,CONTRIBUTING.md,2026-03-24T01:44:43Z,contributing_guide,disclosure;human_responsibility;restriction_or_ban,open-telemetry/opentelemetry-js-contrib,4,3.174637,language_owner,True,True,True,False,TypeScript,TypeScript,Organization,Organization,200-999,200-999,3000-9999,1000-2999,914,904,6031,2513,1984,963,,,2989,2217
FTE149,FCR-0164,terraforming-mars/terraforming-mars,CONTRIBUTING.md,2026-03-24T01:44:43Z,contributing_guide,disclosure;human_responsibility;restriction_or_ban,trezor/trezor-suite,5,3.330352,language_owner,True,True,True,False,TypeScript,TypeScript,Organization,Organization,200-999,200-999,3000-9999,10000+,914,995,6031,17148,1984,10110,,,2989,2797
FTE150,FCR-0103,hynek/prometheus-async,.github/CONTRIBUTING.md,2026-03-24T13:03:17Z,contributing_guide,authorship_or_provenance;disclosure;human_responsibility;restriction_or_ban,opteroncx/MoePhoto,1,0.515999,language_owner_star_prcell,True,True,True,True,Python,Python,User,User,50-199,50-199,0000-0099,0000-0099,184,194,99,83,13,12,,,3874,2809
FTE150,FCR-0103,hynek/prometheus-async,.github/CONTRIBUTING.md,2026-03-24T13:03:17Z,contributing_guide,authorship_or_provenance;disclosure;human_responsibility;restriction_or_ban,kanishkamisra/minicons,2,0.945113,language_owner_star_prcell,True,True,True,True,Python,Python,User,User,50-199,50-199,0000-0099,0000-0099,184,185,99,78,13,21,,,3874,2160
FTE150,FCR-0103,hynek/prometheus-async,.github/CONTRIBUTING.md,2026-03-24T13:03:17Z,contributing_guide,authorship_or_provenance;disclosure;human_responsibility;restriction_or_ban,hynek/hatch-fancy-pypi-readme,3,1.131132,language_owner_star_prcell,True,True,True,True,Python,Python,User,User,50-199,50-199,0000-0099,0000-0099,184,187,99,78,13,9,,,3874,1379
FTE150,FCR-0103,hynek/prometheus-async,.github/CONTRIBUTING.md,2026-03-24T13:03:17Z,contributing_guide,authorship_or_provenance;disclosure;human_responsibility;restriction_or_ban,barseghyanartur/tld,4,1.26097,language_owner_star_prcell,True,True,True,True,Python,Python,User,User,50-199,50-199,0000-0099,0000-0099,184,185,99,67,13,77,,,3874,4669
FTE150,FCR-0103,hynek/prometheus-async,.github/CONTRIBUTING.md,2026-03-24T13:03:17Z,contributing_guide,authorship_or_provenance;disclosure;human_responsibility;restriction_or_ban,firsttris/plugin.video.sendtokodi,5,1.416284,language_owner_star_prcell,True,True,True,True,Python,Python,User,User,50-199,50-199,0000-0099,0000-0099,184,194,99,68,13,108,,,3874,3348
FTE152,FCR-0022,AcademySoftwareFoundation/OpenCue,.github/PULL_REQUEST_TEMPLATE.md,2026-03-26T22:03:34Z,pr_template,disclosure;model_tool_usage_detail;process_requirement,RoboSats/robosats,1,0.796699,language_owner_star_prcell,True,True,True,True,Python,Python,Organization,Organization,200-999,200-999,1000-2999,1000-2999,926,987,1533,2083,728,349,6.0,6.0,2917,1591
FTE152,FCR-0022,AcademySoftwareFoundation/OpenCue,.github/PULL_REQUEST_TEMPLATE.md,2026-03-26T22:03:34Z,pr_template,disclosure;model_tool_usage_detail;process_requirement,asreview/asreview,2,1.102288,language_owner_star_prcell,True,True,True,True,Python,Python,Organization,Organization,200-999,200-999,1000-2999,1000-2999,926,886,1533,1524,728,508,6.0,5.0,2917,2679
FTE152,FCR-0022,AcademySoftwareFoundation/OpenCue,.github/PULL_REQUEST_TEMPLATE.md,2026-03-26T22:03:34Z,pr_template,disclosure;model_tool_usage_detail;process_requirement,Arize-ai/openinference,3,1.42424,language_owner_star_prcell,True,True,True,True,Python,Python,Organization,Organization,200-999,200-999,1000-2999,1000-2999,926,951,1533,2114,728,929,6.0,5.0,2917,867
FTE152,FCR-0022,AcademySoftwareFoundation/OpenCue,.github/PULL_REQUEST_TEMPLATE.md,2026-03-26T22:03:34Z,pr_template,disclosure;model_tool_usage_detail;process_requirement,AppDaemon/appdaemon,4,2.163727,language_owner_star_prcell,True,True,True,True,Python,Python,Organization,Organization,200-999,200-999,1000-2999,1000-2999,926,955,1533,1617,728,990,6.0,4.0,2917,3589
FTE152,FCR-0022,AcademySoftwareFoundation/OpenCue,.github/PULL_REQUEST_TEMPLATE.md,2026-03-26T22:03:34Z,pr_template,disclosure;model_tool_usage_detail;process_requirement,argoproj-labs/hera,5,2.256124,language_owner_star_prcell,True,True,True,True,Python,Python,Organization,Organization,200-999,200-999,1000-2999,1000-2999,926,896,1533,1031,728,463,6.0,8.0,2917,1680
FTE153,FCR-0165,theOehrly/Fast-F1,.github/PULL_REQUEST_TEMPLATE.md,2026-03-29T16:25:20Z,pr_template,disclosure;model_tool_usage_detail;process_requirement;restriction_or_ban,MilesCranmer/PySR,1,0.623337,language_owner_star_prcell,True,True,True,True,Python,Python,User,User,1000-4999,1000-4999,0100-0499,0100-0499,4996,3533,214,372,371,317,4.0,4.0,2214,2065
FTE153,FCR-0165,theOehrly/Fast-F1,.github/PULL_REQUEST_TEMPLATE.md,2026-03-29T16:25:20Z,pr_template,disclosure;model_tool_usage_detail;process_requirement;restriction_or_ban,VRSEN/agency-swarm,2,1.084605,language_owner_star_prcell,True,True,True,True,Python,Python,User,User,1000-4999,1000-4999,0100-0499,0100-0499,4996,4254,214,428,371,167,4.0,4.0,2214,907
FTE153,FCR-0165,theOehrly/Fast-F1,.github/PULL_REQUEST_TEMPLATE.md,2026-03-29T16:25:20Z,pr_template,disclosure;model_tool_usage_detail;process_requirement;restriction_or_ban,swar/nba_api,3,1.150365,language_owner_star_prcell,True,True,True,True,Python,Python,User,User,1000-4999,1000-4999,0100-0499,0100-0499,4996,3596,214,257,371,409,4.0,3.0,2214,2793
FTE153,FCR-0165,theOehrly/Fast-F1,.github/PULL_REQUEST_TEMPLATE.md,2026-03-29T16:25:20Z,pr_template,disclosure;model_tool_usage_detail;process_requirement;restriction_or_ban,NewFuture/DDNS,4,1.282251,language_owner_star_prcell,True,True,True,True,Python,Python,User,User,1000-4999,1000-4999,0100-0499,0100-0499,4996,4662,214,303,371,355,4.0,3.0,2214,3622
FTE153,FCR-0165,theOehrly/Fast-F1,.github/PULL_REQUEST_TEMPLATE.md,2026-03-29T16:25:20Z,pr_template,disclosure;model_tool_usage_detail;process_requirement;restriction_or_ban,blocklistproject/Lists,5,1.290066,language_owner_star_prcell,True,True,True,True,Python,Python,User,User,1000-4999,1000-4999,0100-0499,0100-0499,4996,4805,214,268,371,1132,4.0,5.0,2214,2164
FTE154,FCR-0336,libplctag/libplctag,AI-POLICY.md,2026-03-29T17:16:35Z,standalone_ai_policy,human_responsibility;restriction_or_ban;verification_testing,nodogsplash/nodogsplash,1,0.189336,language_owner_star_prcell,True,True,True,True,C,C,Organization,Organization,200-999,200-999,0100-0499,0100-0499,871,935,231,254,391,412,,,5088,4748
FTE154,FCR-0336,libplctag/libplctag,AI-POLICY.md,2026-03-29T17:16:35Z,standalone_ai_policy,human_responsibility;restriction_or_ban;verification_testing,DisplayLink/evdi,2,0.802679,language_owner_star_prcell,True,True,True,True,C,C,Organization,Organization,200-999,200-999,0100-0499,0100-0499,871,899,231,122,391,442,,,5088,3934
FTE154,FCR-0336,libplctag/libplctag,AI-POLICY.md,2026-03-29T17:16:35Z,standalone_ai_policy,human_responsibility;restriction_or_ban;verification_testing,openwrt/mt76,3,0.811344,language_owner_star_prcell,True,True,True,True,C,C,Organization,Organization,200-999,200-999,0100-0499,0100-0499,871,861,231,149,391,918,,,5088,4190
FTE154,FCR-0336,libplctag/libplctag,AI-POLICY.md,2026-03-29T17:16:35Z,standalone_ai_policy,human_responsibility;restriction_or_ban;verification_testing,Yubico/pam-u2f,4,0.864873,language_owner_star_prcell,True,True,True,True,C,C,Organization,Organization,200-999,200-999,0100-0499,0100-0499,871,634,231,208,391,170,,,5088,4170
FTE154,FCR-0336,libplctag/libplctag,AI-POLICY.md,2026-03-29T17:16:35Z,standalone_ai_policy,human_responsibility;restriction_or_ban;verification_testing,HaxeFoundation/hashlink,5,0.892361,language_owner_star_prcell,True,True,True,True,C,C,Organization,Organization,200-999,200-999,0100-0499,0100-0499,871,880,231,482,391,444,,,5088,3895
FTE156,FCR-0290,MalpenZibo/ashell,docs/src/contributing/ai-assisted-contributions.md,2026-03-30T19:33:37Z,standalone_ai_policy,human_responsibility;model_tool_usage_detail;verification_testing,chenxiaolong/avbroot,1,0.395098,language_owner_star_prcell,True,True,True,True,Rust,Rust,User,User,200-999,200-999,0100-0499,0100-0499,909,882,480,353,248,202,,,1041,1416
FTE156,FCR-0290,MalpenZibo/ashell,docs/src/contributing/ai-assisted-contributions.md,2026-03-30T19:33:37Z,standalone_ai_policy,human_responsibility;model_tool_usage_detail;verification_testing,madeofpendletonwool/PinePods,2,0.468708,language_owner_star_prcell,True,True,True,True,Rust,Rust,User,User,200-999,200-999,0100-0499,0100-0499,909,859,480,396,248,396,,,1041,1346
FTE156,FCR-0290,MalpenZibo/ashell,docs/src/contributing/ai-assisted-contributions.md,2026-03-30T19:33:37Z,standalone_ai_policy,human_responsibility;model_tool_usage_detail;verification_testing,DelSkayn/rquickjs,3,0.571135,language_owner_star_prcell,True,True,True,True,Rust,Rust,User,User,200-999,200-999,0100-0499,0100-0499,909,910,480,403,248,280,,,1041,2269
FTE156,FCR-0290,MalpenZibo/ashell,docs/src/contributing/ai-assisted-contributions.md,2026-03-30T19:33:37Z,standalone_ai_policy,human_responsibility;model_tool_usage_detail;verification_testing,FedericoBruzzone/tgt,4,1.180829,language_owner_star_prcell,True,True,True,True,Rust,Rust,User,User,200-999,200-999,0100-0499,0100-0499,909,915,480,271,248,54,,,1041,816
FTE156,FCR-0290,MalpenZibo/ashell,docs/src/contributing/ai-assisted-contributions.md,2026-03-30T19:33:37Z,standalone_ai_policy,human_responsibility;model_tool_usage_detail;verification_testing,Yeachan-Heo/clawhip,5,1.551993,language_owner_star_prcell,True,True,True,True,Rust,Rust,User,User,200-999,200-999,0100-0499,0100-0499,909,865,480,114,248,109,,,1041,64
